country_name,team,elo
Albania,Skenderbeu,1284
Albania,Partizani Tirana,1252
Albania,KF Tirana,1249
Albania,Kukesi,1243
Algeria,CR Belouizdad,1537
Algeria,CS Constantine,1451
Algeria,ES Sétif,1450
Algeria,USM Alger,1449
Algeria,JS Saoura,1446
Algeria,JS Kabylie,1445
Algeria,MC Alger,1423
Algeria,MC Oran,1393
Algeria,ASO Chlef,1381
Algeria,Paradou AC,1359
Algeria,US Biskra,1357
Algeria,MC El Eulma,1349
Algeria,MC El Bayadh,1343
Algeria,JSM Béjaïa,1339
Algeria,NC Magra,1332
Algeria,USM Khenchela,1331
Algeria,Annaba,1330
Algeria,RC Arbaâ,1324
Algeria,USM El Harrach,1324
Algeria,DRB Tadjenanet,1316
Algeria,AS Aïn M'lila,1308
Algeria,Khroub,1304
Algeria,Saïda,1301
Algeria,MO Béjaia,1296
Algeria,Olympique de Medea,1291
Algeria,USM Bel Abbès,1284
Algeria,USM Blida,1268
Algeria,CA Batna,1255
Algeria,RC Relizane,1254
Algeria,NA Hussein Dey,1251
Algeria,Aïn Fakroun,1250
Algeria,MSP Batna,1244
Algeria,ASM Oran,1239
Algeria,HB Chelghoum Laïd,1236
Algeria,CA Bordj Bou Arreridj,1221
Algeria,WA Tlemcen,1196
Algeria,JSM Skikda,1189
Angola,1º de Agosto,1512
Angola,Atletico Petro Luanda,1502
Angola,Interclube de Angola,1391
Angola,Kabuscorp SCP,1382
Angola,Sagrada Esperança,1377
Angola,Recreativo do Libolo,1357
Angola,Benfica Luanda,1349
Angola,Recreativo da Caála,1343
Angola,FC Bravos DO Maquis,1341
Angola,Desportivo Da Huíla,1306
Angola,Wiliete SC,1306
Angola,Progresso da Lunda Sul,1276
Angola,Académica do Soyo,1272
Angola,Académica Lobito,1267
Angola,Atlético Sport Aviação,1266
Angola,Cabinda,1260
Angola,PA Sambizanga,1252
Angola,C.D. Lunda Sul,1250
Angola,Progresso Associação do Sambizanga,1249
Angola,Uniao Sport Clube do Uige,1248
Angola,GD Escolinha Isaac de Benguela,1247
Angola,Atlético do Namibe,1245
Angola,Santos de Angola,1243
Angola,GD Baixa de Kassanje,1242
Angola,Saurimo FC,1236
Angola,Ferroviário Do Huambo,1235
Angola,Nacional de Benguela,1230
Angola,Santa Rita de Cássia FC,1228
Angola,ASK Dragão do Uíge,1224
Angola,Domant FC,1223
Angola,Porcelana FC,1222
Angola,Sport Lubango e Benfica,1218
Angola,1º de Maio,1218
Angola,Sporting de Cabinda,1207
Angola,Sporting Clube de Benguela,1173
Argentina,River Plate,1709
Argentina,Talleres de Cordoba,1659
Argentina,Defensa y Justicia,1635
Argentina,Estudiantes de la Plata,1603
Argentina,Boca Juniors,1601
Argentina,San Lorenzo de Almagro,1599
Argentina,Racing Club,1573
Argentina,Argentinos Juniors,1571
Argentina,Newell's Old Boys,1564
Argentina,Rosario Central,1551
Argentina,Belgrano,1533
Argentina,Lanús,1524
Argentina,Godoy Cruz Antonio Tomba,1523
Argentina,Tigre,1514
Argentina,Vélez Sarsfield,1508
Argentina,Atlético Tucumán,1504
Argentina,Independiente,1500
Argentina,Sarmiento,1497
Argentina,Club Atlético Platense,1488
Argentina,Patronato de Parana,1487
Argentina,CA Central Cordoba,1481
Argentina,Huracán,1480
Argentina,Gimnasia y Esgrima La Plata,1478
Argentina,Barracas Central,1477
Argentina,San Martín San Juan,1466
Argentina,Colón Santa Fe,1457
Argentina,Nueva Chicago,1447
Argentina,Unión Santa Fe,1444
Argentina,San Martín de Tucumán,1441
Argentina,Instituto Atlético Central Córdoba,1441
Argentina,Arsenal de Sarandí,1430
Argentina,Banfield,1424
Argentina,All Boys,1422
Argentina,Atlético Rafaela,1420
Argentina,Temperley,1399
Argentina,Quilmes,1358
Argentina,Olimpo,1347
Argentina,Aldosivi,1342
Argentina,Chacarita Juniors,1339
Argentina,Crucero del Norte,1285
Armenia,FC Pyunik,1267
Armenia,Ararat-Armenia FC,1249
Armenia,FC Alashkert,1249
Australia,Melbourne City FC,1424
Australia,Sydney FC,1379
Australia,Gold Coast United,1352
Australia,Adelaide United,1352
Australia,Western Sydney,1321
Australia,Melbourne Victory,1309
Australia,Central Coast Mariners FC,1302
Australia,Wellington Phoenix,1295
Australia,Brisbane Roar FC,1291
Australia,Perth Glory,1281
Australia,Newcastle United Jets,1253
Australia,Macarthur FC,1252
Australia,North Queensland Fury,1218
Austria,Red Bull Salzburg,1752
Austria,Sturm Graz,1547
Austria,LASK Linz,1496
Austria,Rapid Wien,1460
Austria,Austria Wien,1424
Austria,Wolfsberger AC,1417
Austria,WSG Tirol,1334
Austria,SK Austria Klagenfurt,1332
Austria,SC Austria Lustenau,1330
Austria,TSV Hartberg,1318
Austria,Grödig,1316
Austria,Mattersburg,1308
Austria,SV Ried,1268
Austria,SCR Altach,1264
Austria,Wiener Neustadt,1264
Austria,FC Wacker Innsbruck,1261
Austria,Admira Wacker Mödling,1256
Austria,SKN Sankt Pölten,1251
Austria,FC Pasching,1246
Austria,Kapfenberger SV,1233
Austria,Austria Kärnten,1211
Azerbaijan,Qarabağ,1608
Azerbaijan,Neftçi,1472
Azerbaijan,Qäbälä,1370
Azerbaijan,Sabah FK,1367
Azerbaijan,Khazar Lankaran FK,1340
Azerbaijan,Zirə,1336
Azerbaijan,Bakı,1330
Azerbaijan,Simurq,1323
Azerbaijan,Keşlə Futbol Klubu,1305
Azerbaijan,AZAL PFC Baku,1299
Azerbaijan,Muğan,1271
Azerbaijan,Sumqayıt,1257
Azerbaijan,FC Kapaz,1248
Azerbaijan,Araz PFK,1243
Azerbaijan,Standard,1241
Azerbaijan,Revan Baku,1224
Azerbaijan,Turan Tovuz,1224
Azerbaijan,Karvan,1219
Azerbaijan,Səbail FK,1217
Azerbaijan,MOIK,1212
Belarus,Shakhtyor Soligorsk,1624
Belarus,BATE Borisov,1570
Belarus,Dinamo Minsk,1566
Belarus,Torpedo Zhodino,1436
Belarus,Neman Grodno,1429
Belarus,FC Ruh Brest,1416
Belarus,Isloch,1397
Belarus,Gomel,1387
Belarus,FC Energetik-BGU Minsk,1381
Belarus,FC Brest,1355
Belarus,Slavia-Mozyr,1330
Belarus,FC Minsk,1330
Belarus,FK Gorodeya,1324
Belarus,FK Slutsk,1299
Belarus,FK Vitebsk,1297
Belarus,Granit,1279
Belarus,FC Luch Minsk,1270
Belarus,Granit Mikashevichi,1268
Belarus,Belshina Bobruisk,1263
Belarus,FC Arsenal Dzerzhinsk,1259
Belarus,Krumkachy Minsk,1247
Belarus,Partizan Minsk,1241
Belarus,FC Dnyapro Mogilev,1216
Belarus,FC Smorgon,1211
Belarus,Smolevichy,1200
Belarus,Naftan Novopolotsk,1198
Belarus,Dnepr Mogilev,1181
Belarus,FK Sputnik Rechytsa,1180
Belarus,FC Torpedo Minsk,1156
Belgium,Union St.Gilloise,1619
Belgium,Club Brugge,1596
Belgium,KRC Genk,1593
Belgium,Royal Antwerp FC,1587
Belgium,Gent,1582
Belgium,RSC Anderlecht,1520
Belgium,Cercle Brugge,1459
Belgium,Sporting Charleroi,1445
Belgium,Oud-Heverlee Leuven,1407
Belgium,Sint-Truiden,1402
Belgium,Standard Liège,1397
Belgium,KV Mechelen,1385
Belgium,Westerlo,1377
Belgium,Mouscron-Péruwelz,1361
Belgium,Royal Excel Mouscron Péruwelz,1328
Belgium,Roeselare,1325
Belgium,Mons,1310
Belgium,Kortrijk,1303
Belgium,Lokeren,1292
Belgium,Lierse,1288
Belgium,SV Roeselare,1286
Belgium,Zulte Waregem,1286
Belgium,KV Oostende,1285
Belgium,Waasland-Beveren,1275
Belgium,Eupen,1265
Belgium,Germinal Beerschot,1237
Belgium,R.F.C. Seraing,1227
Belize,Verdes FC,1247
Bolivia,Bolívar,1602
Bolivia,The Strongest,1580
Bolivia,Always Ready,1497
Bolivia,Nacional Potosí,1414
Bolivia,Jorge Wilstermann,1361
Bolivia,Oriente Petrolero,1334
Bolivia,Royal Pari,1331
Bolivia,Club Petrolero,1328
Bolivia,Independiente Petrolero,1326
Bolivia,CA Palmaflor,1323
Bolivia,Guabirá,1322
Bolivia,Aurora,1316
Bolivia,Universitario de Vinto,1312
Bolivia,Real Santa Cruz,1303
Bolivia,Club Vaca Díez de Pando,1298
Bolivia,Blooming,1297
Bolivia,Real Tomayapo,1296
Bolivia,Ciclon,1293
Bolivia,Sport Boys Warnes,1291
Bolivia,Universitario,1257
Bolivia,San José,1215
Bolivia,Universitario de Cobija,1214
Bolivia,Destroyers,1213
Bolivia,Real Potosí,1206
Bolivia,Real Mamoré,1203
Bolivia,La Paz,1178
Bosnia and Herzegovina,Zrinjski Mostar,1520
Bosnia and Herzegovina,FK Sarajevo,1428
Bosnia and Herzegovina,Željezničar,1395
Bosnia and Herzegovina,Borac Banja Luka,1390
Bosnia and Herzegovina,Široki Brijeg,1373
Bosnia and Herzegovina,FK Tuzla City,1327
Bosnia and Herzegovina,Velež Mostar,1323
Bosnia and Herzegovina,Radnik Bijeljina,1266
Bosnia and Herzegovina,NK Igman Konjic,1262
Bosnia and Herzegovina,Sloboda Tuzla,1261
Bosnia and Herzegovina,FK Krupa,1260
Bosnia and Herzegovina,Čelik Zenica,1257
Bosnia and Herzegovina,FK Zvijezda 09,1257
Bosnia and Herzegovina,HŠK Posušje,1254
Bosnia and Herzegovina,FK Sloga Doboj,1249
Bosnia and Herzegovina,Metalleghe BSI,1248
Bosnia and Herzegovina,FK Mladost Doboj Kakanj,1242
Bosnia and Herzegovina,Olimpik Sarajevo,1233
Bosnia and Herzegovina,Slavija Sarajevo,1228
Bosnia and Herzegovina,Mladost Velika,1224
Bosnia and Herzegovina,GOŠK Gabela,1223
Bosnia and Herzegovina,NK Zvijezda Gradacac,1218
Bosnia and Herzegovina,Travnik,1214
Bosnia and Herzegovina,Kozara Gradiška,1214
Bosnia and Herzegovina,Rudar Prijedor,1212
Bosnia and Herzegovina,FK Drina Zvornik,1200
Bosnia and Herzegovina,FK Leotar,1196
Bosnia and Herzegovina,Gradina Srebrenik,1196
Bosnia and Herzegovina,Vitez,1193
Botswana,Gaborone United,1255
Botswana,Township Rollers,1249
Botswana,Jwaneng Galaxy FC,1238
Brazil,Palmeiras,1823
Brazil,Fluminense FC,1724
Brazil,Atlético Mineiro,1712
Brazil,Flamengo,1710
Brazil,Internacional,1677
Brazil,São Paulo,1668
Brazil,Atlético PR,1654
Brazil,Botafogo FR,1644
Brazil,Grêmio,1641
Brazil,Corinthians,1585
Brazil,Red Bull Bragantino SP,1569
Brazil,Santos FC,1559
Brazil,Portuguesa,1554
Brazil,Atlético Goianiense,1552
Brazil,Cruzeiro,1542
Brazil,América Mineiro,1538
Brazil,Cuiaba,1531
Brazil,Ceará SC,1530
Brazil,Bahia,1522
Brazil,Goiás,1514
Brazil,Sport Recife,1507
Brazil,Vasco da Gama,1487
Brazil,Brasilia,1459
Brazil,Ponte Preta,1451
Brazil,Coritiba,1444
Brazil,Vitória,1442
Brazil,Santo André,1437
Brazil,Figueirense,1434
Brazil,Guarani FC,1422
Brazil,Avaí FC,1414
Brazil,Santa Cruz,1412
Brazil,Criciúma,1405
Brazil,Joinville EC,1404
Brazil,EC Juventude,1399
Brazil,CS Alagoano AL,1394
Brazil,Grêmio Prudente,1393
Brazil,Paraná Clube,1376
Brazil,Chapecoense AF,1338
Brazil,Náutico,1314
Bulgaria,PFC Ludogorets 1945 Razgrad,1668
Bulgaria,PFC CSKA Sofia,1610
Bulgaria,Litex Lovech,1573
Bulgaria,Levski Sofia,1539
Bulgaria,Cherno More Varna,1474
Bulgaria,FC CSKA 1948 Sofia,1458
Bulgaria,Lokomotiv Plovdiv,1450
Bulgaria,Slavia Sofia,1415
Bulgaria,FC Arda Kardzhali,1409
Bulgaria,Botev Plovdiv,1390
Bulgaria,Chernomorets Burgas,1386
Bulgaria,PFC Lokomotiv Sofia 1929,1367
Bulgaria,Beroe,1364
Bulgaria,Etar,1312
Bulgaria,FC Tsarsko Selo Sofia 2015,1308
Bulgaria,Minyor Pernik,1302
Bulgaria,Pirin Blagoevgrad,1289
Bulgaria,Lokomotiv Mezdra,1285
Bulgaria,Botev Vratsa,1281
Bulgaria,FC Hebar 1918,1281
Bulgaria,FK Septemvri Sofia,1278
Bulgaria,FK Spartak 1918 Varna,1270
Bulgaria,Lokomotiv Gorna Oryahovitsa,1270
Bulgaria,Dunav Ruse,1269
Bulgaria,Neftochimic Burgas 1962,1257
Bulgaria,Marek Dupnitsa,1251
Bulgaria,Sliven,1248
Bulgaria,Akademik Sofia,1246
Bulgaria,Sportist Svoge,1243
Bulgaria,Haskovo 2009,1242
Bulgaria,Pirin Gotse Delchev,1227
Bulgaria,Montana,1223
Bulgaria,Vidima-Rakovski,1221
Bulgaria,Kaliakra,1215
Bulgaria,Svetkavitsa,1208
Bulgaria,Lyubimets,1203
Bulgaria,Vitosha Bistritsa,1179
Bulgaria,Vereya,1169
Burundi,LLB Académic,1250
Cameroon,Coton Sport,1465
Cameroon,UMS de Loum,1404
Cameroon,Canon Sportif,1402
Cameroon,Bamboutos,1401
Cameroon,Union Sportive de Douala,1384
Cameroon,Apejes de Mfou,1371
Cameroon,Fovu de Baham,1370
Cameroon,Eding Sport FC,1370
Cameroon,Colombe du Dja et Lobo,1370
Cameroon,Unisport FC Du Haut-Nkam,1367
Cameroon,Astres FC de Douala,1363
Cameroon,Stade Renard de Melong,1362
Cameroon,Feutcheu FC,1352
Cameroon,AS Fortuna,1349
Cameroon,Pwd Bamenda,1347
Cameroon,Tiko United,1346
Cameroon,Young Sport Academy Bamenda,1343
Cameroon,Botafogo FC,1327
Cameroon,Gazelle FC de Garoua,1326
Cameroon,Union Douala,1319
Cameroon,Université Ngaoundéré,1318
Cameroon,Fauve Azur Elite FC,1307
Cameroon,Aigle Royal,1301
Cameroon,Panthère,1299
Cameroon,Avion Fc Du Nkam,1298
Cameroon,Sable Batié,1295
Cameroon,Caïman Douala,1293
Cameroon,Renaissance de Ngoumou,1287
Cameroon,Lausanne,1283
Cameroon,Lion Blessé,1280
Cameroon,New Star de Douala,1280
Cameroon,AS Matelots,1272
Cameroon,Njala Quan,1272
Cameroon,OFTA FC,1266
Cameroon,RC Bafoussam,1261
Cameroon,Scorpion FC de Bé,1253
Cameroon,Cosmos de Bafia,1252
Cameroon,Roumde Adjia,1236
Cameroon,Yafoot FC Yaounde 2,1224
Cameroon,Dragon de Yaoundé,1220
Cameroon,Tonnerre Kalara Club,1212
Canada,CF Montreal,1379
Canada,Vancouver Whitecaps,1331
Canada,Toronto FC,1295
Canada,Forge FC,1243
Canada,FC Edmonton,1233
Chile,Colo Colo,1509
Chile,Universidad Católica,1501
Chile,Audax Italiano La Florida,1453
Chile,Cobresal,1447
Chile,Everton CD,1439
Chile,Ñublense,1426
Chile,O'Higgins,1422
Chile,Unión La Calera,1422
Chile,Huachipato,1416
Chile,Palestino,1414
Chile,Unión Española,1401
Chile,Coquimbo Unido,1398
Chile,Curicó Unido,1394
Chile,Universidad de Chile,1385
Chile,Universidad Concepción,1380
Chile,CD Antofagasta,1377
Chile,Deportes Temuco,1369
Chile,Cobreloa,1361
Chile,Melipilla,1355
Chile,Deportes Iquique,1345
Chile,Rangers,1342
Chile,Santiago Morning,1340
Chile,Unión San Felipe,1336
Chile,San Marcos,1336
Chile,Deportes Copiapó,1328
Chile,Deportes La Serena,1307
Chile,CD Magallanes,1305
Chile,San Luis,1304
Chile,Santiago Wanderers,1287
Chile,Barnechea,1267
China PR,Shanghai Port F.C.,1546
China PR,Shandong Taishan F.C.,1497
China PR,Jiangsu Suning FC,1481
China PR,Wuhan Three Towns F.C.,1436
China PR,Beijing Guoan,1422
China PR,Chengdu Rongcheng F.C.,1410
China PR,Shanghai Shenhua,1406
China PR,Zhejiang Professional,1385
China PR,Changchun Yatai,1363
China PR,Henan Songshan Longmen F.C.,1359
China PR,Tianjin Tianhai,1326
China PR,Nantong Zhiyun FC,1325
China PR,Tianjin Jinmen Tiger F.C.,1323
China PR,Meizhou Hakka F.C.,1310
China PR,Chongqing Liangjiang Athletic F.C.,1293
China PR,Shijiazhuang Ever Bright,1291
China PR,Qingdao Jonoon,1290
China PR,Dalian Shide,1287
China PR,Guangzhou F.C.,1287
China PR,Dalian Professional FC,1285
China PR,Guizhou Hengfeng,1278
China PR,Chengdu Blades,1272
China PR,Harbin Yiteng,1262
China PR,Yanbian,1255
China PR,Beijing Renhe,1237
China PR,Guangzhou City F.C.,1232
China PR,Liaoning Hongyun,1230
China PR,Wuhan Yangtze River,1226
China PR,Shenzhen FC,1223
China PR,Shanghai Shenxin,1218
China PR,Qingdao Hainiu,1218
China PR,Hebei F.C.,1151
Colombia,Fortaleza,1675
Colombia,Millonarios,1600
Colombia,Atlético Nacional,1595
Colombia,Independiente Medellín,1494
Colombia,Tolima,1487
Colombia,Águilas Doradas,1478
Colombia,CS Deportivo Pereira,1464
Colombia,La Equidad,1461
Colombia,Santa Fe,1454
Colombia,América de Cali,1453
Colombia,Junior FC,1453
Colombia,Deportivo Pasto,1422
Colombia,Deportivo Cali,1415
Colombia,Alianza Petrolera,1410
Colombia,Once Caldas,1408
Colombia,Club Atlético Bucaramanga,1401
Colombia,Envigado,1386
Colombia,Boyacá Chicó FC,1385
Colombia,CD Jaguares,1350
Colombia,Tigres FC,1338
Colombia,Patriotas Boyacá,1331
Colombia,Uniautónoma FC,1327
Colombia,Cúcuta Deportivo,1317
Colombia,AD Unión Magdalena,1316
Colombia,Real Cartagena,1294
Colombia,Deportes Quindío,1290
Colombia,Leones FC,1290
Colombia,Atlético Huila,1277
Colombia,Cortuluá,1276
Congo,Léopards de Dolisié,1328
Congo,Diables Noirs,1250
Congo DR,TP Mazembe,1585
Congo DR,Vita Club,1506
Congo DR,Saint-Eloi Lupopo,1436
Congo DR,Motema Pembe,1426
Congo DR,AS Nika,1385
Congo DR,Sanga Balende,1356
Congo DR,Ajax,1352
Congo DR,New Soger,1342
Congo DR,Maniema Union,1321
Congo DR,Don Bosco SC,1316
Congo DR,Capaco,1292
Congo DR,Virunga,1287
Congo DR,Dragons,1286
Congo DR,Elima,1282
Congo DR,Shark XI,1263
Congo DR,Veti Club,1262
Congo DR,Blessing FC,1261
Congo DR,Likasi,1254
Congo DR,Canon Buromeca,1253
Congo DR,Ibanda Sport,1251
Congo DR,Kabasha,1251
Congo DR,Olympic Club,1250
Congo DR,Etoile du Kivu,1250
Congo DR,AC Kuya Sport,1249
Congo DR,US Panda B5,1248
Congo DR,FC Lubumbashi sport,1248
Congo DR,Molunge,1247
Congo DR,FC MK,1244
Congo DR,Saint-Clément,1243
Congo DR,Muungano,1242
Congo DR,Ndoki ya Ndombe,1241
Congo DR,Bukavu Dawa,1237
Congo DR,Malekesa,1234
Congo DR,Saint-Luc,1234
Congo DR,Babeti ya Sika,1234
Congo DR,Ndjadi,1232
Congo DR,Matiti Mabe,1231
Congo DR,CS Makiso,1231
Congo DR,Nkoy,1231
Congo DR,Dauphins Noirs,1230
Congo DR,Jeunesse Sportive de Kinshasa,1230
Congo DR,Rojolu,1227
Congo DR,Bantous,1227
Congo DR,Vutuka,1223
Congo DR,Tshinkunku,1219
Congo DR,RC Kinshasa,1215
Cook Islands,Nikao Sokattak,1235
Cook Islands,Puaikura,1232
Cook Islands,Tupapa Maraerenga,1190
Costa Rica,Deportivo Saprissa,1534
Costa Rica,LD Alajuelense,1508
Costa Rica,Club Sport Herediano,1474
Costa Rica,Cartaginés,1413
Costa Rica,Deportiva San Carlos,1355
Costa Rica,Sporting San José FC,1354
Costa Rica,Santos de Guápiles,1323
Costa Rica,Brujas,1309
Costa Rica,Asoc. Dep. y Rec. Jicaral Sercoba,1305
Costa Rica,Águilas,1300
Costa Rica,Pérez Zeledón,1299
Costa Rica,Ramonense PO,1297
Costa Rica,Barrio México,1292
Costa Rica,Puntarenas FC,1287
Costa Rica,Belén Siglo XXI,1287
Costa Rica,Limón,1284
Costa Rica,AD Grecia FC,1283
Costa Rica,AD Guanacasteca,1282
Costa Rica,CS Uruguay,1281
Costa Rica,Guadalupe FC,1276
Costa Rica,AS Puma Generaleňa,1254
Costa Rica,La U Universitarios,1247
Costa Rica,Deportiva Carmelita,1229
Costa Rica,Orión,1218
Costa Rica,AD Municipal Liberia,1217
Croatia,Dinamo Zagreb,1663
Croatia,Hajduk Split,1554
Croatia,Osijek,1497
Croatia,Rijeka,1479
Croatia,Lokomotiva,1387
Croatia,HNK Gorica,1362
Croatia,Slaven,1326
Croatia,NK Istra 1961,1310
Croatia,Lučko,1303
Croatia,NK Varaždin,1293
Croatia,Karlovac,1287
Croatia,RNK Split,1277
Croatia,NK Zadar,1265
Croatia,Medimurje,1264
Croatia,Šibenik,1250
Croatia,NK Zagreb,1241
Croatia,Cibalia,1237
Croatia,Hrvatski Dragovoljac,1228
Croatia,NK Rudeš,1225
Croatia,Croatia Sesvete,1209
Croatia,Zaprešić,1197
Cyprus,APOEL Nicosia,1564
Cyprus,Apollon Limassol,1563
Cyprus,AEK Larnaca,1529
Cyprus,Pafos FC,1500
Cyprus,Aris Limassol,1495
Cyprus,Anorthosis,1487
Cyprus,Omonia Nicosia,1466
Cyprus,AEL Limassol,1405
Cyprus,Nea Salamis,1356
Cyprus,Alki Oroklinis,1296
Cyprus,Olympiakos Nicosia,1291
Cyprus,Ethnikos Achnas,1290
Cyprus,Enosis Paralimni,1286
Cyprus,Doxa Katokopia,1286
Cyprus,Othellos Athienou FC,1279
Cyprus,Akritas Chlorakas,1266
Cyprus,Ermis Aradippou,1260
Cyprus,APOP / Kinyras,1253
Cyprus,APEP,1246
Cyprus,Karmiotissa Pano Polemidion,1244
Cyprus,PAEEK,1240
Cyprus,AEZ Zakakiou,1232
Cyprus,AE Kouklion,1221
Cyprus,Anagennisi Deryneia,1216
Cyprus,Alki,1194
Cyprus,Ayia Napa,1175
Czech Republic,Slavia Prague,1719
Czech Republic,Sparta Prague,1685
Czech Republic,Viktoria Plzeň,1566
Czech Republic,Slovácko,1521
Czech Republic,SK Sigma Olomouc,1477
Czech Republic,Bohemians 1905,1452
Czech Republic,Baník Ostrava,1440
Czech Republic,Slovan Liberec,1424
Czech Republic,Mladá Boleslav,1421
Czech Republic,Jablonec,1391
Czech Republic,Hradec Králové,1380
Czech Republic,FK Pardubice,1366
Czech Republic,České Budějovice,1346
Czech Republic,Vysočina Jihlava,1341
Czech Republic,Teplice,1341
Czech Republic,FC Fastav Zlin,1341
Czech Republic,Znojmo,1331
Czech Republic,FC Zbrojovka Brno,1301
Czech Republic,Kladno,1298
Czech Republic,Viktoria Žižkov,1290
Czech Republic,Dukla Praha,1286
Czech Republic,MFK Karviná,1272
Czech Republic,Ústí nad Labem,1261
Czech Republic,Příbram,1259
Czech Republic,Opava,1220
Denmark,København,1574
Denmark,FC Midtjylland,1547
Denmark,Brøndby,1425
Denmark,Nordsjælland,1417
Denmark,AGF,1411
Denmark,Viborg,1394
Denmark,Odense Boldklub,1368
Denmark,Randers FC,1364
Denmark,Silkeborg,1345
Denmark,AaB,1337
Denmark,Vestsjælland,1286
Denmark,SønderjyskE,1272
Denmark,Esbjerg fB,1269
Denmark,Vendsyssel FF,1268
Denmark,Vejle Boldklub,1267
Denmark,Hobro,1258
Denmark,J.S. Groupe Bazano,1257
Denmark,Ocean Pacifique,1256
Denmark,Nkoyi Bilombe,1254
Denmark,AS Nyuki de Butembo,1250
Denmark,Nord Sport,1250
Denmark,El Dorado,1248
Denmark,Lyngby,1247
Denmark,FC Simba,1243
Denmark,Mont Bleu,1242
Denmark,FC Renaissance du Congo,1241
Denmark,Socozaki,1238
Denmark,AC Rangers,1238
Denmark,Cibao,1236
Denmark,AC Horsens,1235
Denmark,FC Helsingør,1234
Denmark,Club Atletico Pantoja,1228
Denmark,HB Køge,1189
Ecuador,Independiente,1689
Ecuador,LDU de Quito,1599
Ecuador,Emelec,1525
Ecuador,Universidad Católica,1521
Ecuador,Barcelona SC,1517
Ecuador,Aucas,1500
Ecuador,Delfin SC,1459
Ecuador,Deportivo Cuenca,1423
Ecuador,Orense SC,1416
Ecuador,Técnico Universitario,1411
Ecuador,El Nacional,1387
Ecuador,River Plate Ecuador,1371
Ecuador,Macará,1368
Ecuador,Cumbayá FC,1357
Ecuador,Mushuc Runa SC,1356
Ecuador,Liga de Loja,1355
Ecuador,Gualaceo SC,1351
Ecuador,Imbabura,1350
Ecuador,Deportivo Quevedo,1341
Ecuador,Nueve de Octubre,1341
Ecuador,Manta,1340
Ecuador,Deportivo Quito,1314
Ecuador,CD America de Quito,1313
Ecuador,LDU Portoviejo,1308
Ecuador,Clan Juvenil,1277
Ecuador,ESPOLI,1270
Ecuador,CD Olmedo,1226
Ecuador,Fuerza Amarilla SC,1202
Egypt,Al Ahly,1708
Egypt,El Zamalek,1532
Egypt,Pyramids FC,1532
Egypt,Future FC,1416
Egypt,Al Masry,1385
Egypt,Al Mokawloon Al Arab,1380
Egypt,Smouha SC,1379
Egypt,ENPPI,1378
Egypt,El Geish,1357
Egypt,Pharco FC,1356
Egypt,Ismaily SC,1348
Egypt,Al-Ittihad Al-Sakandary,1346
Egypt,National Bank,1339
Egypt,Ittihad El-Shorta,1326
Egypt,Ceramica Cleopatra,1320
Egypt,Petrojet,1315
Egypt,Telephonaat Beni Suef,1309
Egypt,El Gounah,1304
Egypt,Wadi Degla FC,1302
Egypt,Olympic El Qanah FC,1295
Egypt,El Entag El Harby,1286
Egypt,El-Sharkia Lel Dokhan (Eastern Company SC),1284
Egypt,El Dakhleya,1272
Egypt,Nogoom FC,1267
Egypt,El Raja,1259
Egypt,Al Sharkeyah,1257
Egypt,El Mansura,1254
Egypt,El Minya,1253
Egypt,Ghazl El Mehalla,1249
Egypt,Haras El-Hodood SC,1249
Egypt,Aswan FC,1246
Egypt,Asyut Petrol,1246
Egypt,El Nasr Tadeen,1243
Egypt,Misr El Makasa,1238
Egypt,FC Masr,1234
Egypt,Al Nasr FC,1228
Egypt,Tanta,1220
Egypt,Ala'ab Damanhour,1190
El Salvador,Alianza FC,1457
El Salvador,Águila,1408
El Salvador,CD FAS,1336
El Salvador,Isidro Metapán,1304
El Salvador,Vista Hermosa,1304
El Salvador,Juventud Independiente,1301
El Salvador,Santa Tecla FC,1290
El Salvador,Once Municipal,1284
El Salvador,L.A. Firpo,1280
El Salvador,CD EL Vencedor,1276
El Salvador,CD Platense Municipal,1267
El Salvador,Municipal Limeño,1263
El Salvador,Atlético Balboa,1263
El Salvador,Jocoro FC,1254
El Salvador,Independiente FC,1250
El Salvador,Dragón,1249
El Salvador,CD Audaz,1242
El Salvador,CD Chalatenango,1242
El Salvador,Pasaquina F.C.,1228
El Salvador,Atlético Marte,1221
El Salvador,CD Sonsonate,1214
El Salvador,Alacranes del Norte,1210
El Salvador,UES,1203
England,Manchester City,2075
England,Liverpool FC,1885
England,Arsenal,1869
England,Manchester United,1825
England,Newcastle United,1823
England,Brentford FC,1779
England,Aston Villa,1779
England,Brighton & Hove Albion,1755
England,Tottenham Hotspur,1717
England,Chelsea FC,1667
England,West Ham United,1661
England,Crystal Palace,1661
England,Fulham,1642
England,Wolverhampton Wanderers,1610
England,Leicester City,1598
England,Everton FC,1591
England,Nottingham Forest,1579
England,Burnley,1567
England,AFC Bournemouth,1531
England,Stoke City,1526
England,Swansea City,1515
England,Wigan Athletic,1515
England,Leeds United,1502
England,Birmingham City,1498
England,West Brom,1478
England,Bolton Wanderers,1475
England,Cardiff City,1472
England,Hull City,1470
England,Blackpool,1469
England,Sheffield United FC,1468
England,Southampton,1461
England,Blackburn Rovers F.C.,1459
England,Queens Park Rangers,1448
England,Middlesbrough,1443
England,Sunderland,1432
England,Reading,1431
England,Portsmouth,1428
England,Watford,1413
England,Norwich City,1382
England,Huddersfield Town,1358
Estonia,Flora Tallinn,1730
Estonia,FCI Levadia Tallinn,1659
Estonia,Nomme Kalju FC (EST),1543
Estonia,FC Infonet Tallinn,1476
Estonia,Sillamäe Kalev,1462
Estonia,Paide Linnameeskond,1458
Estonia,Narva Trans,1315
Estonia,Tammeka,1273
Estonia,Tallinna JK Legion,1255
Estonia,Tamme Auto,1248
Estonia,Warrior,1247
Estonia,Harju Jalgpallikool,1239
Estonia,FC Kuressaare,1232
Estonia,Johvi FC Lokomotiv,1223
Estonia,Tulevik Viljandi,1216
Estonia,Lootus,1213
Estonia,Maardu Linnameeskond,1199
Estonia,Rakvere JK Tarvas,1190
Estonia,Talinna Kalev,1187
Estonia,Paernu Linnameeskond,1177
Estonia,Ajax Lasnamäe,1173
Estonia,Pärnu JK Vaprus,1144
Ethiopia,St. George,1268
Ethiopia,Saint George,1260
Fiji,Lautoka,1303
Fiji,Suva,1278
Fiji,Ba,1272
Fiji,Rewa,1240
Fiji,Nadi,1208
Finland,KuPS,1537
Finland,HJK Helsinki,1525
Finland,Honka,1435
Finland,Seinaejoen JK,1420
Finland,FC Inter Turku (FIN),1416
Finland,Ilves,1383
Finland,FC Haka J,1348
Finland,AC Oulu,1335
Finland,MyPa,1330
Finland,VPS,1317
Finland,Tampere United,1311
Finland,FC Lahti,1308
Finland,IFK Mariehamn,1302
Finland,FF Jaro,1284
Finland,Turku PS,1282
Finland,KPV,1271
Finland,RoPS Rovaniemi,1270
Finland,HIFK,1234
Finland,Jyvaskyla JK,1234
Finland,PK-35 Vantaa,1231
Finland,FC KTP,1226
Finland,PS Kemi,1224
France,Paris Saint-Germain,1794
France,Lens,1782
France,Rennes,1692
France,Marseille,1692
France,Lille,1686
France,Lyon,1675
France,Nice,1644
France,Monaco,1620
France,Montpellier,1575
France,Clermont Foot,1565
France,RC Strasbourg,1562
France,Reims,1547
France,Lorient,1531
France,Brest,1529
France,Sochaux,1490
France,Toulouse,1480
France,SC Bastia,1464
France,Nantes,1462
France,Nîmes Olympique,1447
France,Auxerre,1442
France,Nancy,1439
France,Evian TG,1439
France,GFC Ajaccio,1438
France,Saint-Étienne,1434
France,Amiens SC,1426
France,Metz,1421
France,Bordeaux,1420
France,Guingamp,1415
France,Le Mans,1406
France,Grenoble,1399
France,Boulogne,1394
France,Caen,1394
France,Valenciennes,1387
France,Troyes,1356
France,Arles,1344
France,Dijon,1339
France,Angers,1322
France,AC Ajaccio (FRA),1315
Georgia,Dinamo Tbilisi,1455
Georgia,FC Dinamo Batumi,1430
Georgia,Saburtalo,1362
Georgia,Dila Gori,1359
Georgia,FC Samgurali Tskhaltubo,1303
Georgia,Torpedo Kutaisi,1302
Georgia,Chikhura,1285
Georgia,FC Tskhinvali,1260
Georgia,Zestafoni,1248
Georgia,FC Telavi,1232
Georgia,FC Gagra,1226
Georgia,FC Merani Tbilisi,1220
Georgia,FC Sioni Bolnisi,1207
Georgia,Sapovnela,1204
Georgia,FC Rustavi,1203
Georgia,Lokomotivi Tbilisi,1203
Georgia,FC Samtredia,1197
Georgia,FC Guria Lanchkhuti,1192
Georgia,WIT Georgia Tbilisi,1180
Georgia,Merani Martvili,1172
Georgia,FC Shukura Kobuleti,1172
Georgia,FC Zugdidi,1164
Georgia,FC Kolkheti-1913 Poti,1152
Germany,Bayern München,1940
Germany,Borussia Dortmund,1852
Germany,RB Leipzig,1847
Germany,1. FC Union Berlin,1732
Germany,Bayer Leverkusen,1725
Germany,Freiburg,1716
Germany,Wolfsburg,1679
Germany,Eintracht Frankfurt,1671
Germany,Borussia Mönchengladbach,1639
Germany,Mainz,1639
Germany,1. FC Köln,1638
Germany,VfB Stuttgart,1587
Germany,Hoffenheim,1582
Germany,Bochum,1564
Germany,Fortuna Düsseldorf,1541
Germany,Hamburger SV,1539
Germany,Werder Bremen,1534
Germany,Ingolstadt,1532
Germany,Schalke 04,1514
Germany,Augsburg,1512
Germany,DSC Arminia Bielefeld,1508
Germany,Hertha BSC,1491
Germany,Darmstadt,1467
Germany,Eintracht Braunschweig,1454
Germany,SC Paderborn 07,1451
Germany,Hannover 96,1429
Germany,St. Pauli,1420
Germany,Kaiserslautern,1419
Germany,Greuther Fürth,1396
Germany,Nürnberg,1391
Ghana,Asante Kotoko,1416
Ghana,Medeama SC,1368
Ghana,Ashanti Gold FC,1366
Ghana,Aduana Stars,1352
Ghana,Hearts of Oak,1338
Ghana,Berekum Chelsea FC,1329
Ghana,Heart of Lions,1326
Ghana,Bechem United,1318
Ghana,Legon Cities FC,1310
Ghana,New Edubiase FC,1302
Ghana,Ebusua Dwarfs,1301
Ghana,Liberty Professionals,1298
Ghana,Dreams FC,1292
Ghana,Accra Great Olympics,1283
Ghana,Karela United FC,1279
Ghana,Sogakope WAFA,1279
Ghana,Bibiani Gold Stars F.C.,1270
Ghana,Tema Youth,1260
Ghana,Berekum Arsenal,1260
Ghana,Samartex,1260
Ghana,Tamale City,1260
Ghana,Hasaacas,1258
Ghana,Eleven Wonders FC,1257
Ghana,Inter Allies FC,1257
Ghana,Amidaus Professionals FC,1255
Ghana,Accra Lions FC,1255
Ghana,Nsoatreman FC,1253
Ghana,King Faisal,1252
Ghana,Mighty Jets,1251
Ghana,Eleven Wise,1245
Ghana,Wassaman United,1241
Ghana,Real Tamale,1239
Ghana,Kotoku Royals,1229
Ghana,Elmina Sharks,1224
Ghana,Brong Ahafo Stars,1201
Gibraltar,Lincoln Red Imps FC,1249
Greece,Olympiakos,1662
Greece,AEK,1649
Greece,Panathinaikos,1620
Greece,PAOK FC,1608
Greece,Aris Thessaloniki FC,1509
Greece,Olympiakos Volos,1457
Greece,Kavala,1384
Greece,OFI Crete,1369
Greece,Iraklis,1367
Greece,Xanthi FC,1359
Greece,Atromitos,1359
Greece,Asteras Tripolis,1351
Greece,Volos New Football Club,1348
Greece,PAS Giannina,1348
Greece,Panionios,1326
Greece,Ionikos,1325
Greece,Ergotelis,1303
Greece,Larisa Ael,1302
Greece,Lamia,1287
Greece,AOK Kerkyra,1286
Greece,Veria FC,1284
Greece,Panserraikos,1281
Greece,Levadiakos,1270
Greece,Panetolikos,1270
Greece,AEL Kalloni FC,1261
Greece,Doxa Dramas,1254
Greece,Panthrakikos Komotini,1253
Greece,Platanias,1247
Greece,Apollon Smyrnis,1225
Greece,Niki Volou,1166
Guatemala,CSD Comunicaciones,1498
Guatemala,CSD Municipal,1475
Guatemala,Deportivo Heredia,1421
Guatemala,Antigua Guatemala,1416
Guatemala,Xelajú,1403
Guatemala,Coban Imperial,1398
Guatemala,Guastatoya,1377
Guatemala,Deportivo Malacateco,1365
Guatemala,Universidad de San Carlos,1318
Guatemala,Deportivo Sanarate,1318
Guatemala,Deportivo Achuapa,1302
Guatemala,Iztapa,1302
Guatemala,Jalapa,1300
Guatemala,Suchitepéquez,1299
Guatemala,Xinabajul,1294
Guatemala,Mictlán,1285
Guatemala,Halcones FC,1281
Guatemala,Deportivo Mixco,1279
Guatemala,Juventud Retalteca,1273
Guatemala,Santa Lucia Cotzumalguapa,1273
Guatemala,Sacachispas Chiquimula,1271
Guatemala,Deportivo Chiantla,1270
Guatemala,Sololá FC,1267
Guatemala,Zacapa,1263
Guatemala,Deportivo Marquense,1260
Guatemala,Siquinalá FC,1256
Guatemala,Juventud Escuintleca,1247
Guatemala,CSyD Carchá,1246
Guatemala,Coatepeque,1240
Guatemala,CSyD Nueva Concepción,1211
Guatemala,CD Petapa,1209
Guinea,Horoya AC,1315
Guinea,Kaloum Star,1250
Guyana,Alpha United,1219
Haiti,Violette AC,1271
Haiti,Arcahaie FC,1254
Haiti,Tempête,1243
Haiti,Valencia de Leogane,1233
Haiti,Cavaly,1232
Honduras,Olimpia,1544
Honduras,Motagua,1431
Honduras,Marathón,1396
Honduras,Real España,1396
Honduras,Olancho FC,1381
Honduras,CD Vida,1331
Honduras,Atlético Choloma,1301
Honduras,Lobos UPNFM,1297
Honduras,Necaxa,1293
Honduras,Hispano,1290
Honduras,Real Juventud,1280
Honduras,Juticalpa,1262
Honduras,Parrillas One,1262
Honduras,Victoria,1261
Honduras,Social Sol,1251
Honduras,Platense,1250
Honduras,Deportivo Savio,1249
Honduras,CD Real de Minas,1236
Honduras,C.D. Honduras Progreso,1216
Honduras,Real Sociedad,1205
Hong Kong,Kitchee,1291
Hong Kong,Eastern Sports Club,1235
Hungary,Ferencváros,1542
Hungary,Györi ETO,1455
Hungary,Puskás FC,1435
Hungary,MOL Fehérvár FC,1426
Hungary,Debrecen,1408
Hungary,Kecskeméti TE,1402
Hungary,Paksi SE,1393
Hungary,Kisvárda Master Good,1392
Hungary,Újpest,1363
Hungary,Mezőkövesd-Zsóry,1352
Hungary,Honvéd,1335
Hungary,Zalaegerszegi TE,1326
Hungary,Pécsi MFC,1323
Hungary,MTK Budapest,1320
Hungary,Balmazújváros,1316
Hungary,Szombathelyi Haladás,1303
Hungary,Diósgyör,1299
Hungary,Vasas Budapest,1284
Hungary,Bekescsaba,1276
Hungary,Gyirmót SE,1274
Hungary,Dunaújváros Pálhalma SE,1265
Hungary,Nyíregyháza Spartacus,1264
Hungary,Siófok,1259
Hungary,Budafoki MTE,1250
Hungary,Szolnoki MÁV,1243
Hungary,Eger,1219
Hungary,Pápa,1202
Hungary,Kaposvári Rákóczi,1193
Iceland,Stjarnan,1247
Iceland,FH Hafnarfjordur,1241
India,Dempo SC,1430
India,Mahindra United,1408
India,ATK Mohun Bagan FC,1407
India,Pune FC,1392
India,East Bengal Club,1375
India,Salgaocar,1372
India,Bengaluru FC,1356
India,Churchill Brothers SC,1354
India,Sporting Clube de Goa,1306
India,United Sports Club,1304
India,Gokulam Kerala Fc,1304
India,Mumbai City FC,1297
India,Hyderabad FC,1286
India,Aizawl,1279
India,Mohammedan SC,1279
India,Odisha FC,1271
India,Sreenidi Deccan,1271
India,Atlético de Kolkata,1270
India,Punjab Football Club,1267
India,Royal Wahingdoh,1266
India,Real Kashmir FC,1261
India,Chennai City FC,1261
India,Chennaiyin FC,1260
India,FC Goa,1259
India,Mumbai FC,1255
India,TRAU F.C.,1253
India,Rangdajied United,1252
India,Rajasthan United,1251
India,ONGC FC,1251
India,Kerala Blasters FC,1250
India,JCT FC,1247
India,DSK Shivajians,1245
India,Lajong SC,1242
India,Kalyani Bharat FC,1242
India,Jamshedpur FC,1240
India,Sudeva Delhi FC,1236
India,Kenkre FC,1235
India,North Eastern Re Organising Cultural Association,1233
India,FC Pune City,1232
India,Chirag Kerala,1230
India,United Sikkim F.C,1225
India,Air India,1224
India,Northeast United FC,1198
India,Hindustan Aero,1193
India,Arrows,1171
Indonesia,Persib Bandung,1378
Indonesia,Persija Jakarta,1377
Indonesia,Persipura Jayapura,1376
Indonesia,Bali United,1368
Indonesia,Bhayangkara FC,1356
Indonesia,PSM Makassar,1354
Indonesia,Pusamania Borneo FC,1345
Indonesia,Arema,1340
Indonesia,Persebaya Surabaya,1334
Indonesia,Semen Padang,1312
Indonesia,Madura United,1311
Indonesia,Persidafon,1303
Indonesia,Sriwijaya FC,1287
Indonesia,Persiwa Wamena,1271
Indonesia,PSIS,1265
Indonesia,Persiba Balikpapan,1264
Indonesia,PSPS Pekanbaru,1263
Indonesia,Barito Putera,1262
Indonesia,Persis Solo,1262
Indonesia,Persik Kediri,1258
Indonesia,Persita Tangerang,1255
Indonesia,Persema Malang,1253
Indonesia,Persikabo 1973 (INA),1252
Indonesia,Persiram Raja Ampat,1250
Indonesia,Pelita Bandung Raya,1247
Indonesia,Mitra Kukar,1247
Indonesia,Persijap Jepara,1244
Indonesia,PSS Sleman,1241
Indonesia,Deltras Sidoarjo,1240
Indonesia,PSMS,1238
Indonesia,Dewa United F.C.,1237
Indonesia,Perseru Badak Lampung,1237
Indonesia,Kalteng Putra,1230
Indonesia,Persitara Jakarta,1226
Indonesia,Persela Lamongan,1222
Indonesia,Bontang PKT,1218
Indonesia,RANS Nusantara F.C.,1207
Indonesia,Persiraja Aceh,1195
Indonesia,Gresik United FC,1159
Iran,Persepolis,1617
Iran,Esteghlal,1578
Iran,Sepahan,1548
Iran,Foolad Khuzestan,1437
Iran,Tractor Sazi,1436
Iran,GOL Gohar Sirjan FC,1425
Iran,Mes Rafsanjan,1410
Iran,Aluminium Arak,1365
Iran,Gostaresh Foolad,1356
Iran,Zob Ahan Isfahan FC,1356
Iran,Naft Tehran,1354
Iran,Saba Qom,1345
Iran,Pars Jonoubi Jam,1324
Iran,Paykan F.C.,1323
Iran,Sanat Naft Abadan,1322
Iran,Havadar S.C.,1319
Iran,Saipa FC,1319
Iran,Damash,1317
Iran,Padideh F.C.,1312
Iran,Nassaji Mazandaran,1309
Iran,Mes Kerman,1307
Iran,Shahrdari Tabriz,1305
Iran,Malavan,1303
Iran,Aluminium Hormozgan,1299
Iran,Rah Ahan,1295
Iran,Aboomoslem,1292
Iran,Esteghlal Khuzestan FC,1290
Iran,Pas Hamedan,1288
Iran,Steel Azin,1281
Iran,Fajr Sepasi,1274
Iran,Shahin Bushehr FC,1269
Iran,Sepidrood Rasht SC,1256
Iran,Gahar Zagros,1240
Iran,Naft Masjed Soleyman FC,1240
Iran,Meshki Pooshan Football Club,1238
Iran,Machine Sazi FC,1219
Iran,Esteghlal Ahvaz,1208
Iraq,Al-Zawraa SC,1287
Iraq,AL Shorta SC,1253
Iraq,Al Quwa Al Jawiya,1248
Ireland,Shamrock Rovers,1585
Ireland,Derry City,1470
Ireland,Sporting Fingal,1463
Ireland,Dundalk FC,1453
Ireland,St Patrick's,1444
Ireland,Bohemian FC,1427
Ireland,Sligo Rovers,1378
Ireland,Cork City,1358
Ireland,Waterford FC,1348
Ireland,Shelbourne,1317
Ireland,Monaghan United,1315
Ireland,Waterford United FC,1299
Ireland,Drogheda United,1272
Ireland,Athlone Town,1266
Ireland,Galway United FC,1262
Ireland,Limerick,1251
Ireland,Wexford Youths,1240
Ireland,Bray Wanderers,1237
Ireland,Finn Harps,1225
Ireland,Longford Town,1161
Ireland,University College Dublin,1153
Israel,Maccabi Tel Aviv,1609
Israel,Maccabi Haifa FC,1603
Israel,Hapoel Be'er Sheva,1550
Israel,Maccabi Netanya,1385
Israel,Beitar Jerusalem FC,1359
Israel,Hapoel Tel Aviv,1356
Israel,Ironi Kiryat Schmona,1355
Israel,FC Ashdod,1349
Israel,Bnei Yehuda Tel Aviv FC,1345
Israel,Hapoel Haifa,1338
Israel,Hapoel Jerusalem,1329
Israel,Bnei Sakhnin,1321
Israel,Hapoel Hadera,1316
Israel,Maccabi Petah Tikva,1302
Israel,Maccabi Bnei Reineh,1285
Israel,Hapoel Rishon LeZion,1283
Israel,Ironi Ramat HaSharon,1278
Israel,Hapoel Petah Tikva FC,1269
Israel,Hapoel Nof HaGalil,1263
Israel,Hapoel Kfar Saba,1252
Israel,Sektzia Ness Ziona FC,1237
Israel,Hapoel Ramat Gan,1233
Israel,Hapoel Ra'anana,1232
Israel,Hapoel Ironi Akko,1232
Israel,Maccabi Ahi Nazareth,1231
Israel,Hapoel Ashkelon,1217
Italy,Inter Milan,1931
Italy,SSC Napoli,1917
Italy,Lazio,1800
Italy,AC Milan,1788
Italy,Juventus,1762
Italy,Roma,1742
Italy,Fiorentina,1727
Italy,Atalanta,1727
Italy,Bologna,1689
Italy,Torino,1674
Italy,AC Monza,1649
Italy,Udinese,1592
Italy,Sassuolo,1585
Italy,U.S. Salernitana 1919,1583
Italy,Empoli FC,1580
Italy,Carpi,1528
Italy,Hellas Verona,1518
Italy,Genoa,1512
Italy,Lecce,1512
Italy,Catania,1494
Italy,Cagliari,1487
Italy,US Cremonese,1482
Italy,ASD Spezia Calcio 2008,1475
Italy,Novara,1456
Italy,Siena,1455
Italy,Venezia FC,1428
Italy,Crotone,1416
Italy,Benevento,1408
Italy,Sampdoria,1407
Italy,Frosinone,1404
Italy,Bari,1398
Italy,Palermo,1397
Italy,Parma Calcio 1913,1385
Italy,Chievo Verona,1377
Italy,Brescia,1375
Italy,Cesena,1359
Italy,Livorno,1339
Italy,SPAL 2013,1336
Italy,Pescara,1299
Ivory Coast,ASEC Mimosas,1492
Ivory Coast,Séwé,1381
Ivory Coast,SO Armée,1364
Ivory Coast,San Pedro,1354
Ivory Coast,Sporting Gagnoa,1354
Ivory Coast,Academia F. Amadou Diallo,1353
Ivory Coast,Africa Sports National,1322
Ivory Coast,Stella Club,1321
Ivory Coast,AS Tanda,1319
Ivory Coast,Racing Club d'Abidjan,1310
Ivory Coast,Issia Wazi,1286
Ivory Coast,AS Denguélé,1284
Ivory Coast,Stade d'Abidjan,1284
Ivory Coast,Williamsville Athletic Club,1283
Ivory Coast,SOL FC,1274
Ivory Coast,JC Abidjan,1273
Ivory Coast,Usc Bassam,1268
Ivory Coast,ASI D'Abengourou,1264
Ivory Coast,Lys Sassandra,1251
Ivory Coast,Sabé,1250
Ivory Coast,Entente Sportive du Bafing,1248
Ivory Coast,Adzopé,1244
Ivory Coast,Bouaké FC,1243
Ivory Coast,Moossou FC,1241
Ivory Coast,Ouragahio,1240
Ivory Coast,CO Bouafle,1235
Ivory Coast,Yopougon FC,1234
Ivory Coast,Hiré,1233
Ivory Coast,EFYM,1225
Ivory Coast,ES Bingerville,1224
Ivory Coast,Club Omnisports de Korhogo (CIV),1212
Jamaica,Waterhouse FC,1346
Jamaica,Arnett Gardens,1341
Jamaica,Cavaliers FC,1339
Jamaica,Mount Pleasant FC,1329
Jamaica,Portmore United FC,1318
Jamaica,Humble Lions,1289
Jamaica,Dunbeholden FC,1280
Jamaica,Harbour View,1275
Jamaica,UWI FC,1251
Jamaica,Tivoli Gardens,1244
Jamaica,Maverly Hughenden FC,1240
Jamaica,Sporting Central Academy,1224
Jamaica,Rivoli United,1224
Jamaica,Faulkland FC,1210
Jamaica,Sandals South Coast,1209
Jamaica,Montego Bay United,1208
Jamaica,Chapelton Maroons FC,1204
Jamaica,Barbican FC,1203
Jamaica,Molynes United FC,1202
Jamaica,Vere United FC,1189
Jamaica,Reno FC,1186
Jamaica,Boys' Town,1172
Japan,Kawasaki Frontale,1605
Japan,Yokohama F. Marinos,1582
Japan,Urawa Red Diamonds,1560
Japan,Kashima Antlers,1504
Japan,Nagoya Grampus Eight,1483
Japan,Sanfrecce Hiroshima,1480
Japan,Vissel Kobe,1475
Japan,Cerezo Osaka,1460
Japan,FC Tokyo,1416
Japan,Consadole Sapporo,1414
Japan,Sagan Tosu,1397
Japan,Gamba Osaka,1371
Japan,Kashiwa Reysol,1353
Japan,Omiya Ardija,1334
Japan,Shimizu S-Pulse,1332
Japan,Avispa Fukuoka,1330
Japan,Shonan Bellmare,1327
Japan,Júbilo Iwata,1320
Japan,Oita Trinita,1306
Japan,Ventforet Kofu,1303
Japan,Albirex Niigata,1299
Japan,Vegalta Sendai,1288
Japan,V-Varen Nagasaki,1288
Japan,Matsumoto Yamaga,1280
Japan,Kyoto Sanga FC,1271
Japan,JEF United,1258
Japan,Tokushima Vortis,1244
Japan,Yokohama FC,1241
Japan,Montedio Yamagata,1232
Jordan,Al-Wehdat SC,1435
Jordan,Al-Faisaly SC Amman,1372
Jordan,Al-Ramtha SC,1312
Jordan,Al-Jazeera Amman,1300
Jordan,Al-Salt,1285
Jordan,Al-Hussein SC Irbid,1279
Jordan,Shabab Al-Ordon Club,1277
Jordan,Shabab Al-Aqaba Club,1245
Jordan,Mansheyat Bani Hasan,1238
Jordan,Kfarsoum,1235
Jordan,Mgaear Al Sarhan,1232
Jordan,Al-Jalil,1230
Jordan,FC Ma'an,1227
Jordan,Al Asalah,1221
Jordan,Al-Yarmouk FC,1214
Jordan,Sahab SC,1210
Jordan,Ittihad Al-Ramtha,1208
Jordan,That Ras Club,1194
Jordan,Al Ahli SC Amman,1193
Jordan,Al-Sareeh SC,1184
Jordan,Al-Baqa'a SC,1156
Kazakhstan,Lokomotiv Astana,1553
Kazakhstan,Kairat Almaty,1504
Kazakhstan,Tobol Kostanay,1461
Kazakhstan,Ordabasy Shymkent,1424
Kazakhstan,Aktobe,1401
Kazakhstan,Irtysh Pavlodar,1367
Kazakhstan,Shakhter Karagandy,1324
Kazakhstan,Zhetysu Taldykorgan,1318
Kazakhstan,Kaisar Kyzylorda,1300
Kazakhstan,Kyzylzhar Petropavlovsk,1295
Kazakhstan,Atyrau,1287
Kazakhstan,Taraz,1285
Kazakhstan,Akzhaiyk Uralsk,1259
Kazakhstan,Okzhetpes Kokshetau,1257
Kazakhstan,FC Maktaaral,1253
Kazakhstan,FK Turan Turkistan,1253
Kazakhstan,Spartak Semey,1252
Kazakhstan,FK Aksu,1250
Kazakhstan,FK Kaspiy Aktau,1249
Kazakhstan,Sunkar,1249
Kazakhstan,Vostok,1243
Kazakhstan,Kazakhmys,1241
Kenya,Sofapaka,1302
Kuwait,Kuwait SC,1248
Kuwait,Al Qadsia,1245
Latvia,Riga FC,1435
Latvia,Rigas Futbola skola,1424
Latvia,FC Skonto Riga,1357
Latvia,Valmiera FK,1353
Latvia,FK Liepājas Metalurgs,1336
Latvia,Ventspils,1330
Latvia,FC Daugava,1302
Latvia,FK Auda,1255
Latvia,SK Babīte,1223
Latvia,FB Gulbene,1222
Latvia,FK Spartaks,1217
Latvia,FK Jelgava,1193
Latvia,Noah Jūrmala,1190
Latvia,Ilukstes NSS,1183
Latvia,FK Tukums 2000,1181
Latvia,FC Jurmala,1149
Latvia,SK Super Nova,1147
Latvia,BFC Daugavpils,1136
Latvia,FK Metta,1091
Lebanon,AL Ahed,1450
Lebanon,Nejmeh SC,1390
Lebanon,AL Ansar SC,1387
Lebanon,Shabab Al Sahel,1282
Lebanon,Al-Bourj FC,1281
Lebanon,AL Safa,1251
Lebanon,Shabab El Bourj SC,1243
Lebanon,AL Tadamon Sour,1225
Lebanon,Al Shabab Al Arabi Beirut,1224
Lebanon,Al Akhaa Al Ahli,1219
Lebanon,Sporting Beirut,1218
Lebanon,Tripoli AC,1218
Lebanon,Racing Beirut,1215
Lebanon,Al Islah Bourg Shamaly,1209
Lebanon,Bekaa SC,1203
Lebanon,Al-Hikma,1189
Lebanon,Shabab AL Ghazieh SC,1189
Lebanon,Al Egtmaaey Tripoli,1179
Lebanon,Salam Zgharta,1179
Libya,Al-Ittihad,1367
Libya,Al Ahli Tripoli,1295
Libya,Al Ahli Benghazi,1265
Lithuania,Zalgiris Vilnius,1521
Lithuania,Suduva Marijampole,1405
Lithuania,FK Panevėžys,1341
Lithuania,FK Kauno Zalgiris,1337
Lithuania,FK Riteriai,1323
Lithuania,Hegelmann Litauen Kaunas,1311
Lithuania,FA Šiauliai,1300
Lithuania,Ekranas,1293
Lithuania,FK Šilas,1250
Lithuania,FK Atlantas,1240
Lithuania,Kruoja Pakruojis,1225
Lithuania,FK Utenis Utena,1213
Lithuania,FC Stumbras,1212
Lithuania,Džiugas Telšiai,1201
Lithuania,FK Palanga,1198
Lithuania,Klaipedos Granitas,1189
Lithuania,Banga Gargzdai,1177
Lithuania,FK Tauras Taurage,1174
Lithuania,Nevėžis Kėdainiai,1171
Lithuania,Siauliai,1159
Lithuania,Dainava Alytus,1144
Lithuania,Lietava Jonava,1136
Luxembourg,KF Shkendija,1450
Luxembourg,Shkupi Skopje,1370
Luxembourg,Vardar Skopje,1347
Luxembourg,Makedonija Gjorče Petrov,1281
Luxembourg,Akademija Pandev,1281
Luxembourg,FK Sileks,1278
Luxembourg,Rabotnički,1276
Luxembourg,Renova,1276
Luxembourg,F91 Dudelange,1268
Luxembourg,FK Horizont Turnovo,1257
Luxembourg,CS Fola Esch,1247
Luxembourg,Differdange 03,1245
Luxembourg,FK Bregalnica Stip,1243
Luxembourg,FK Gorno Lisice,1242
Luxembourg,FK Skopje,1206
Luxembourg,Fk Metalurg Skopje,1203
Luxembourg,Pelister,1193
Luxembourg,FK Belasica Strumica,1193
Luxembourg,Napredok,1190
Luxembourg,FK Teteks,1189
Luxembourg,FK Gostivar,1185
Luxembourg,Mladost CD,1183
Luxembourg,Pobeda,1138
Macedonia,FC Struga Trim-Lum,1352
Macedonia,GFK Tikvesh,1251
Macedonia,FK Borec Veles,1230
Malaysia,Johor Darul Ta'zim FC,1300
Mali,Stade Malien Bamako,1490
Mali,Djoliba AC,1463
Mali,Olympique de Bamako,1419
Mali,AS Réal Bamako,1415
Mali,Jeanne d'Arc de Bamako,1367
Mali,Bakaridjan de Barouéli,1306
Mali,Centre Salif Kéita,1298
Mali,Duguwolofila,1297
Mali,Onze Créateurs,1288
Mali,USFAS Bamako,1283
Mali,AS Korofina,1277
Mali,AS Bamako,1257
Mali,AS Police,1251
Mali,AS Nianan,1246
Mali,Olympique de Missira,1245
Mali,Sabana de Mopti,1241
Mali,AC Mamahira,1241
Mali,AS Avenir de Tombouctou,1235
Mali,Sigui,1226
Mali,Office Niger Sports,1223
Mali,Debo Club,1222
Mali,CAS de Sévaré,1222
Mali,AS Eliwidj FC,1221
Mali,Stade Malien Sikasso,1216
Mali,Atar Club,1207
Malta,Ħamrun Spartans,1251
Mexico,América,1648
Mexico,Monterrey,1637
Mexico,CF Pachuca,1608
Mexico,Tigres UANL,1589
Mexico,Guadalajara,1562
Mexico,León,1548
Mexico,Toluca FC,1539
Mexico,Atlas,1500
Mexico,Cruz Azul,1498
Mexico,Monarcas Morelia,1488
Mexico,Santos Laguna,1483
Mexico,Club Puebla,1464
Mexico,Atlético San Luis,1432
Mexico,Pumas UNAM,1423
Mexico,Necaxa,1402
Mexico,Querétaro,1393
Mexico,Lobos B.U.A.P.,1381
Mexico,Club Tijuana,1381
Mexico,Leones Negros U. de G.,1371
Mexico,FC Juárez,1365
Mexico,Jaguares Chiapas,1358
Mexico,Mazatlán FC,1356
Mexico,San Luis FC,1343
Mexico,Dorados Sinaloa,1342
Mexico,Atlante,1325
Mexico,Estudiantes Tecos,1311
Mexico,Indios,1289
Mexico,Tiburones Rojos de Veracruz,1240
Moldova,FC Sheriff,1648
Moldova,Dacia Chisinau,1567
Moldova,CS Petrocub,1463
Moldova,Tiraspol,1452
Moldova,FC Milsami Orhei,1446
Moldova,Iskra-Stal,1441
Moldova,FC Veris,1366
Moldova,Zaria Bălți,1336
Moldova,Zimbru,1335
Moldova,Sfîntul Gheorghe,1326
Moldova,Costuleni,1277
Moldova,Dacia Buiucani,1277
Moldova,FC Rapid Ghidighici,1271
Moldova,Dinamo-Auto,1262
Moldova,FC Spicul Chișcăreni,1241
Moldova,Speranţa Crihana,1234
Moldova,FC Academia Chisinau,1225
Moldova,CF Ungheni,1213
Moldova,Gagauziya,1212
Moldova,FC Saxan,1209
Moldova,Dinamo Bender,1197
Moldova,Nistru,1181
Moldova,FC Floreşti,1168
Moldova,FC Codru Lozova,1138
Montenegro,Budućnost,1461
Montenegro,Sutjeska,1453
Montenegro,OFK Titograd,1301
Montenegro,Zeta,1301
Montenegro,Dečić,1284
Montenegro,Čelik Nikšić,1278
Montenegro,Grbalj Radanovici,1276
Montenegro,FK Iskra,1274
Montenegro,FK Jezero Plav,1266
Montenegro,FK Arsenal Tivat,1263
Montenegro,Rudar Pljevlja,1259
Montenegro,Petrovac,1257
Montenegro,FK Bokelj,1255
Montenegro,Mogren,1254
Montenegro,FK Kom Podgorica,1248
Montenegro,Lovćen,1232
Montenegro,FK Podgorica,1227
Montenegro,Jedinstvo BP,1213
Montenegro,Mornar,1207
Montenegro,Berane,1174
Morocco,Wydad Casablanca,1619
Morocco,RCA Raja Casablanca Athletic,1516
Morocco,FAR Rabat,1498
Morocco,FUS Rabat,1440
Morocco,RSB Berkane,1408
Morocco,Maghreb Fès,1395
Morocco,Olympic Club de Safi,1382
Morocco,Hassania Agadir,1348
Morocco,MCO Oujda,1341
Morocco,Moghreb Tétouan,1332
Morocco,Jeunesse Sportive Soualem,1327
Morocco,Difaâ El Jadida,1320
Morocco,Union de Touarga,1316
Morocco,SC Chabab Mohammédia,1312
Morocco,KACM Marrakech,1310
Morocco,Renaissance Club Zemamra,1307
Morocco,OCK Khouribga,1306
Morocco,Rapide Club Oued Zem,1303
Morocco,Ittihad Tanger,1301
Morocco,Chabab Atlas Khénifra,1297
Morocco,Youssoufia Berrechid,1283
Morocco,CODM Meknès,1279
Morocco,Chabab Rif Al Hoceima,1274
Morocco,Wydad Fès,1271
Morocco,AS Salé,1266
Morocco,JSM Laâyoune,1265
Morocco,KAC Kénitra,1258
Morocco,Ittihad Zemouri de Khemisset,1255
Morocco,JSK Chabab Kasba Tadla,1241
Morocco,Racing de Casablanca,1239
Morocco,Raja Beni Mellal,1209
Mozambique,Ferroviário da Beira,1272
Mozambique,Liga Muçulmana,1257
Netherlands,Feyenoord,1775
Netherlands,PSV Eindhoven,1761
Netherlands,Ajax Amsterdam,1756
Netherlands,AZ Alkmaar,1650
Netherlands,FC Twente,1638
Netherlands,Sparta Rotterdam,1543
Netherlands,FC Utrecht,1541
Netherlands,Vitesse,1477
Netherlands,SC Heerenveen,1449
Netherlands,NEC Nijmegen,1415
Netherlands,RKC Waalwijk,1400
Netherlands,Go Ahead Eagles,1392
Netherlands,Heracles,1390
Netherlands,FC Volendam,1381
Netherlands,Willem II,1374
Netherlands,PEC Zwolle,1368
Netherlands,Fortuna Sittard,1363
Netherlands,Roda JC Kerkrade,1348
Netherlands,Excelsior,1343
Netherlands,FC Emmen,1342
Netherlands,De Graafschap,1339
Netherlands,NAC Breda,1298
Netherlands,FC Dordrecht,1294
Netherlands,FC Groningen,1288
Netherlands,ADO Den Haag,1287
Netherlands,VVV-Venlo,1284
Netherlands,Cambuur,1271
New Caledonia,AS Magenta,1334
New Caledonia,Hienghène Sport,1275
New Caledonia,Gaitcha FCN,1256
New Caledonia,Tiga Sport,1243
New Caledonia,AS Lossi,1218
New Caledonia,Mont-Dore,1215
New Zealand,Auckland City,1597
New Zealand,Team Wellington,1498
New Zealand,Waitakere United,1366
New Zealand,Eastern Suburbs,1359
New Zealand,Canterbury United,1336
New Zealand,Hawke's Bay United,1281
New Zealand,WaiBOP United,1232
New Zealand,Tasman United,1230
New Zealand,Hamilton Wanderers Afc,1221
New Zealand,Wellington Phoenix Reserves,1217
New Zealand,Wanderers SC,1217
New Zealand,Southern United,1198
New Zealand,Young Heart Manawatu,1174
Nicaragua,Real Estelí,1401
Nicaragua,Diriangén FC,1384
Nicaragua,Deportivo Walter Ferretti,1324
Nicaragua,Managua FC,1297
Nicaragua,H&H Export Sébaco FC,1239
Nicaragua,Deportivo Las Sabanas,1235
Nicaragua,Indígenas de Matagalpa,1227
Nicaragua,UNAN Managua,1224
Nicaragua,CD Junior Managua,1215
Nicaragua,Art Municipal Jalapa,1211
Nicaragua,Chinandega FC,1200
Nicaragua,CD Ocotal,1197
Nicaragua,Juventus Managua,1192
Nicaragua,Real Madriz,1169
Nicaragua,FOX Villa FC,1153
Niger,ASGNN,1315
Niger,Douanes Niamey,1275
Niger,Dan Kassawa,1273
Niger,Urana,1273
Niger,Akokana,1268
Niger,Olympic Niamey,1262
Niger,NIGELEC,1261
Niger,AS-FAN,1259
Niger,Sahel,1254
Niger,USGN,1252
Niger,Alkali Nassara,1242
Niger,Espoir,1241
Niger,Zumunta,1231
Niger,Jangorzo,1224
Niger,Police FC,1222
Nigeria,Dolphins FC,1478
Nigeria,Akwa United,1426
Nigeria,Enyimba,1423
Nigeria,Plateau United,1417
Nigeria,Enugu Rangers,1396
Nigeria,Kano Pillars,1390
Nigeria,Lobi Stars,1372
Nigeria,Remo Stars,1372
Nigeria,Abia Warriors,1369
Nigeria,Bendel Insurance,1364
Nigeria,Sunshine Stars,1359
Nigeria,Giwa FC,1347
Nigeria,Shooting Stars,1346
Nigeria,Sharks,1345
Nigeria,Kwara United,1342
Nigeria,Nasarawa United,1341
Nigeria,Warri Wolves FC,1340
Nigeria,Niger Tornadoes,1337
Nigeria,Katsina United,1335
Nigeria,Wikki Tourist,1334
Nigeria,Heartland FC,1329
Nigeria,Bukola Babes,1325
Nigeria,Gombe United,1324
Nigeria,Bayelsa United,1319
Nigeria,Doma United,1318
Nigeria,Ifeanyi Ubah United,1312
Nigeria,Delta Force FC,1303
Nigeria,MFM FC,1299
Nigeria,Go Round,1296
Nigeria,Akwa Starlets,1292
Nigeria,Jigawa Golden Stars,1292
Nigeria,Kaduna United FC,1292
Nigeria,Rising Stars,1291
Nigeria,Taraba,1291
Nigeria,Gateway FC,1282
Nigeria,El Kanemi Warriors,1280
Nigeria,Ocean Boys FC,1280
Nigeria,Ikorodu United,1276
Nigeria,JUTH FC,1269
Nigeria,Zamfara United FC,1263
Nigeria,Yobe Desert Stars,1256
Nigeria,Crown FC,1254
Nigeria,Nembe City FC,1250
Nigeria,Ranchers Bees,1246
Nigeria,Adamawa United,1217
Northern Ireland,Linfield,1440
Northern Ireland,Larne FC,1380
Northern Ireland,Glentoran,1376
Northern Ireland,Crusaders,1368
Northern Ireland,Cliftonville,1363
Northern Ireland,Coleraine,1354
Northern Ireland,Glenavon,1282
Northern Ireland,Ballymena United,1239
Northern Ireland,Ballinamallard United,1187
Northern Ireland,Institute FC,1174
Northern Ireland,Ards,1174
Northern Ireland,Newry City AFC,1159
Northern Ireland,Portadown FC,1145
Northern Ireland,Carrick Rangers,1140
Northern Ireland,Warrenpoint Town,1116
Northern Ireland,Dungannon Swifts,1110
Norway,Bodø / Glimt,1602
Norway,Molde FK,1599
Norway,Rosenborg BK,1470
Norway,Lillestrøm,1415
Norway,Viking FK,1404
Norway,Vålerenga,1400
Norway,Sarpsborg 08,1380
Norway,SK Brann,1370
Norway,Odds Ballklubb,1368
Norway,Tromsø IL,1366
Norway,FK Haugesund,1343
Norway,Kristiansund BK,1324
Norway,Stabæk,1319
Norway,Strømsgodset,1316
Norway,Fredrikstad,1295
Norway,Sogndal,1294
Norway,Hamarkameratene,1286
Norway,Hønefoss,1285
Norway,Ranheim,1285
Norway,Sandefjord Football,1261
Norway,Kongsvinger,1256
Norway,Sandnes,1255
Norway,FK Jerv,1246
Norway,Mjøndalen IF,1244
Norway,Aalesund,1243
Norway,Lyn,1237
Norway,Start,1230
Panama,Independiente de La Chorrera,1364
Panama,CD Plaza Amador,1353
Panama,Tauro FC,1351
Panama,Chorrillo,1350
Panama,Árabe Unido,1328
Panama,Sporting San Miguelito,1321
Panama,San Francisco FC,1297
Panama,Alianza,1291
Panama,Chepo FC,1291
Panama,Deportivo del Este,1289
Panama,Río Abajo,1279
Panama,Herrera FC,1277
Panama,UMECIT FC,1255
Panama,Santa Gema FC,1254
Panama,Union Deportivo Universitario,1251
Panama,Veraguas FC,1237
Panama,Colón C-3,1229
Panama,SD Atletico Nacional,1224
Panama,Atlético Veragüense,1215
Panama,Atlético Chiriquí,1208
Papua New Guinea,Hekari United,1364
Papua New Guinea,Eastern Stars,1356
Papua New Guinea,Tukoko University,1352
Papua New Guinea,Gigira Laitepo,1252
Papua New Guinea,Papua New Guinea U20,1246
Papua New Guinea,Petro Souths,1245
Papua New Guinea,Lae City Dwellers,1244
Papua New Guinea,Morobe Wawens,1229
Papua New Guinea,Madang,1220
Paraguay,Olimpia,1573
Paraguay,Cerro Porteño,1557
Paraguay,Libertad,1514
Paraguay,Nacional Asunción,1475
Paraguay,Guaraní,1466
Paraguay,Sportivo Trinidense,1406
Paraguay,Independiente FBC (Campo Grande),1393
Paraguay,Sportivo Ameliano,1386
Paraguay,General Caballero JLM,1372
Paraguay,Sol de América,1362
Paraguay,Sportivo Luqueño,1361
Paraguay,Rubio Ñú,1359
Paraguay,Guaireña FC,1358
Paraguay,Deportivo Capiatá,1333
Paraguay,Sport Colombia,1330
Paraguay,General Caballero,1330
Paraguay,Club River Plate,1328
Paraguay,2 de Mayo,1326
Paraguay,3 de Febrero,1324
Paraguay,Sportivo San Lorenzo,1322
Paraguay,Deportivo Carapeguá,1319
Paraguay,Tacuary,1316
Paraguay,Resistencia Sport Club,1302
Paraguay,Cerro Porteño PF,1299
Paraguay,Deportivo Santaní,1297
Paraguay,12 de Octubre de Itaugua,1278
Paraguay,General Díaz,1267
Peru,Sporting Cristal,1552
Peru,Alianza Lima,1530
Peru,Universitario de Deportes,1516
Peru,FBC Melgar,1446
Peru,Universidad César Vallejo,1433
Peru,Cienciano,1413
Peru,Sport Huancayo,1403
Peru,Club Atlético Grau,1393
Peru,Cusco FC,1387
Peru,Club Deportivo Garcilaso,1375
Peru,Deportivo Binacional,1366
Peru,CD UT Cajamarca,1365
Peru,Alianza Atlético,1353
Peru,León de Huánuco,1353
Peru,Asociación Deportiva Tarma (ADT),1345
Peru,Deportivo Municipal,1345
Peru,Sport Áncash,1343
Peru,Carlos A. Mannucci,1332
Peru,Deportivo Los Caimanes,1323
Peru,Sport Loreto,1323
Peru,Juan Aurich,1322
Peru,Defensor La Bocana,1322
Peru,Unión Comercio,1316
Peru,CNI,1307
Peru,Total Chalaco,1307
Peru,Ayacucho FC,1300
Peru,Pacífico,1299
Peru,Bolognesi,1297
Peru,Comerciantes Unidos,1297
Peru,José Gálvez,1294
Peru,Deportivo Llacuabamba,1287
Peru,Sport Rosario (Huaraz),1286
Peru,Sport Boys,1286
Peru,Alianza Universidad Huanuco,1283
Peru,San Simon,1282
Peru,Molinos El Pirata FC,1278
Peru,Cobresol,1254
Peru,Academia Cantolao,1239
Peru,Kaya F.C.-Iloilo,1213
Peru,FC Carlos Stein,1209
Peru,United City F.C.,1207
Peru,Universidad San Martín de Porres,1203
Poland,Lech Poznań,1536
Poland,KS Raków Częstochowa,1520
Poland,Legia Warszawa,1484
Poland,Pogoń Szczecin,1461
Poland,Piast Gliwice,1437
Poland,Polonia Warszawa,1390
Poland,Cracovia Kraków,1380
Poland,Gornik Zabrze,1378
Poland,KS Warta Poznań,1358
Poland,Jagiellonia Białystok,1355
Poland,Zagłębie Lubin,1345
Poland,Radomiak Radom,1342
Poland,Lechia Gdańsk,1338
Poland,Korona Kielce,1322
Poland,Śląsk Wrocław,1321
Poland,FKS Stal Mielec,1316
Poland,Wisła Płock,1315
Poland,Wisła Kraków,1305
Poland,Zawisza Bydgoszcz,1302
Poland,MZKS Arka Gdynia,1296
Poland,Widzew Łódz,1295
Poland,Ruch Chorzów,1292
Poland,Polonia Bytom,1283
Poland,Sandecja Nowy Sącz,1275
Poland,Bełchatów,1274
Poland,Odra Wodzisław,1269
Poland,Termalica Nieciecza,1265
Poland,Podbeskidzie Bielsko-Biala,1265
Poland,Gornik Leczna,1253
Poland,Zagłębie Sosnowiec,1252
Poland,Miedź Legnica,1248
Poland,Łódzki KS,1216
Portugal,FC Porto,1866
Portugal,Benfica,1861
Portugal,Sporting,1770
Portugal,Braga,1722
Portugal,Vitória Guimarães,1509
Portugal,Arouca,1492
Portugal,FC Famalicão,1477
Portugal,Boavista,1460
Portugal,Chaves,1450
Portugal,Gil Vicente FC,1446
Portugal,Rio Ave,1440
Portugal,FC Vizela,1418
Portugal,Casa Pia,1402
Portugal,Moreirense,1395
Portugal,SC Farense,1387
Portugal,Estoril,1377
Portugal,Vitória Setúbal,1371
Portugal,Portimonense,1364
Portugal,CS Marítimo Madeira,1360
Portugal,Belenenses,1356
Portugal,Uniao da Madeira,1350
Portugal,Paços de Ferreira,1344
Portugal,Beira-Mar,1343
Portugal,CD Santa Clara,1342
Portugal,Tondela,1340
Portugal,Naval 1º de Maio,1337
Portugal,Olhanense,1329
Portugal,Académica,1322
Portugal,Leixões,1318
Portugal,Penafiel,1298
Portugal,Feirense,1294
Portugal,União de Leiria,1288
Portugal,Nacional,1268
Portugal,CD das Aves,1266
Puerto Rico,River Plate PR,1405
Puerto Rico,Sevilla FC Puerto Rico,1375
Puerto Rico,Bayamón FC,1316
Puerto Rico,Puerto Rico Islanders,1302
Puerto Rico,San Juan FC,1263
Puerto Rico,Academia Quintana,1201
Puerto Rico,Carolina Gigantes,1201
Puerto Rico,Guaynabo Fluminense,1199
Puerto Rico,Mayagüez,1198
Puerto Rico,Puerto Rico United,1191
Puerto Rico,Fajardo,1187
Puerto Rico,Tornados de Humacao,1166
Puerto Rico,Caguas Huracán,1165
Qatar,Al-Duhail SC,1583
Qatar,Al-Sadd,1573
Qatar,El Jaish (Doha),1427
Qatar,Al-Rayyan,1393
Qatar,Al-Arabi Doha,1368
Qatar,AL Gharafa,1353
Qatar,Al-Wakra,1319
Qatar,Qatar SC,1317
Qatar,Al Ahli,1276
Qatar,Umm-Salal,1274
Qatar,Al-Sailiya,1269
Qatar,Al-Markhiya Sports Club,1244
Qatar,Al-Khor,1241
Qatar,Al-Shahania S.C.,1235
Qatar,Al-Kharitiyat,1214
Qatar,Muaither SC,1206
Qatar,Al Mesaimeer,1199
Qatar,Al-Shamal SC,1189
Romania,CFR Cluj,1575
Romania,Steaua Bucureşti,1536
Romania,CS Universitatea Craiova,1510
Romania,Timişoara,1502
Romania,Farul Constanța,1472
Romania,FC Vaslui,1456
Romania,Rapid Bucureşti,1431
Romania,Sepsi OSK,1423
Romania,Viitorul Constanţa,1412
Romania,Astra Ploieşti,1395
Romania,Botoşani,1372
Romania,Pandurii Târgu Jiu,1370
Romania,FC Voluntari,1366
Romania,FC U Craiova 1948,1364
Romania,AFC Herrmannstadt Sibiu,1341
Romania,Universitatea Cluj,1333
Romania,Oţelul Galaţi,1332
Romania,Braşov,1329
Romania,Petrolul Ploieşti,1318
Romania,AFC UTA Arad,1318
Romania,Unirea Urziceni,1314
Romania,Turnu Severin,1301
Romania,FC Chindia Târgovişte,1300
Romania,Săgeata Năvodari,1295
Romania,Argeș Pitești,1295
Romania,Dinamo Bucureşti,1289
Romania,Internaţional Curtea de Argeş,1286
Romania,FC Dunărea Călăraşi,1279
Romania,Târgu Mureş,1277
Romania,Universitatea Craiova,1275
Romania,Politehnica Iaşi,1274
Romania,Voinţa Sibiu,1274
Romania,ACS Poli Timişoara,1272
Romania,Victoria Branesti,1260
Romania,Unirea Alba Iulia,1259
Romania,Ceahlăul Piatra,1254
Romania,Sportul Studentesc,1253
Romania,CSMS Iaşi,1249
Romania,Gaz Metan Mediaş,1249
Romania,Concordia Chiajna,1242
Romania,Gloria Bistrita,1233
Romania,Corona Braşov,1217
Romania,Juventus Bucureşti,1209
Romania,ACS FC Academica Clinceni,1200
Romania,CS Mioveni,1190
Russia,Zenit St. Petersburg,1685
Russia,CSKA Moskva,1572
Russia,Dinamo Moskva,1567
Russia,Lokomotiv Moskva,1544
Russia,FC Krasnodar,1541
Russia,Spartak Moskva,1530
Russia,PFC Sochi,1530
Russia,Rubin Kazan,1471
Russia,FK Akhmat Grozny,1463
Russia,FK Rostov,1440
Russia,Krylya Sovetov Samara,1425
Russia,FC Ural,1425
Russia,Moskva,1416
Russia,Amkar Perm',1411
Russia,Kuban' Krasnodar,1406
Russia,Saturn,1399
Russia,FC Orenburg,1390
Russia,FC Ufa,1389
Russia,Arsenal Tula,1374
Russia,FC Torpedo Moscow,1370
Russia,FC Nizhny Novgorod,1357
Russia,Mordovia Saransk,1339
Russia,Khimki,1336
Russia,Spartak Nal'chik,1321
Russia,FK Rotor Volgograd,1320
Russia,Yenisey Krasnoyarsk,1319
Russia,FK Tosno,1316
Russia,Sibir Novosibirsk,1311
Russia,Alaniya,1299
Russia,FC Anzhi Makhachkala,1294
Russia,FK Tambov,1278
Russia,Volga Nyzhnyi,1268
Russia,SKA-Khabarovsk,1268
Russia,Tom' Tomsk,1252
Samoa,Lupe ole Soaga,1180
Samoa,Kiwi,1178
Saudi Arabia,Al Hilal,1668
Saudi Arabia,Al Nassr,1586
Saudi Arabia,Al Ittihad,1569
Saudi Arabia,Al Shabab,1514
Saudi Arabia,Al Taawon,1442
Saudi Arabia,Al-Ahli,1394
Saudi Arabia,Al Fateh FC,1378
Saudi Arabia,Al-Faisaly FC Harmah,1361
Saudi Arabia,AL Ettifaq FC,1351
Saudi Arabia,Damac FC,1340
Saudi Arabia,Al Raed,1318
Saudi Arabia,Al Feiha,1312
Saudi Arabia,Al-Tai FC,1303
Saudi Arabia,AL Qadisiyah FC,1303
Saudi Arabia,Al-Khaleej Club,1302
Saudi Arabia,Abha Club,1295
Saudi Arabia,Al Wahda,1287
Saudi Arabia,Al Shoalah,1286
Saudi Arabia,Al-Orobah FC,1273
Saudi Arabia,Al Nahdha Dammam,1264
Saudi Arabia,Najran SC,1259
Saudi Arabia,Al-Ain FC,1254
Saudi Arabia,Al Batin,1251
Saudi Arabia,AL Adalh FC,1249
Saudi Arabia,Al Ansar FC (Medina),1226
Saudi Arabia,Ohod Saudi FC,1224
Saudi Arabia,AL Hazem FC,1197
Saudi Arabia,Hajer FC Al-Hasa,1188
Scotland,Rangers,1699
Scotland,Celtic,1694
Scotland,Aberdeen,1402
Scotland,Heart of Midlothian,1397
Scotland,Hibernian,1397
Scotland,Motherwell,1373
Scotland,St. Mirren,1337
Scotland,Inverness CT,1329
Scotland,Livingston FC,1311
Scotland,Kilmarnock,1310
Scotland,St. Johnstone,1296
Scotland,Falkirk,1280
Scotland,Ross County,1279
Scotland,Partick Thistle,1275
Scotland,Dundee United,1261
Scotland,Dunfermline Athletic,1240
Scotland,Hamilton Academical,1235
Scotland,Dundee FC,1206
Senegal,Teungueth FC,1255
Senegal,Diaraf,1244
Serbia,FK Red Star Belgrade,1751
Serbia,Partizan Beograd,1642
Serbia,Čukarički,1526
Serbia,Topolski Sportski Club,1482
Serbia,Vojvodina,1465
Serbia,Voždovac,1358
Serbia,Sloboda Užice,1340
Serbia,Radnički Niš,1337
Serbia,Novi Pazar,1331
Serbia,FK Radnik Surdulica,1325
Serbia,Hajduk Kula,1323
Serbia,FK Mladost Lučani,1323
Serbia,FK Spartak Subotica,1319
Serbia,Napredak,1298
Serbia,Jagodina,1289
Serbia,Radnički 1923 Kragujevac,1286
Serbia,FK Proleter Novi Sad,1277
Serbia,FK Kolubara,1277
Serbia,Javor,1275
Serbia,OFK Beograd,1274
Serbia,FK Mladost Novi Sad,1274
Serbia,FK Zemun,1267
Serbia,FK Donji Srem,1263
Serbia,BSK Borča,1260
Serbia,FK Metalac,1258
Serbia,Mladi Radnik,1255
Serbia,Dinamo Vranje,1253
Serbia,Rad Beograd,1252
Serbia,FK Zlatibor Čajetina,1238
Serbia,FK Inđija,1221
Serbia,Smederevo,1220
Serbia,Borac Čačak,1218
Serbia,Mačva Šabac,1166
Serbia,FK Bačka Palanka,1158
Singapore,Lion City Sailors FC,1267
Singapore,Armed Forces,1240
Singapore,Tampines Rovers FC,1215
Slovakia,Slovan Bratislava,1596
Slovakia,Dunajska Streda,1500
Slovakia,Spartak Trnava,1461
Slovakia,Ružomberok,1438
Slovakia,Žilina,1377
Slovakia,Spartak Myjava,1345
Slovakia,Košice,1327
Slovakia,Podbrezová,1319
Slovakia,Trenčín,1318
Slovakia,ŠKF Sereď,1315
Slovakia,Dukla Banska Bystrica,1305
Slovakia,Skalica,1286
Slovakia,Zemplin Michalovce,1282
Slovakia,Dubnica,1266
Slovakia,Zlate Moravce,1261
Slovakia,Petržalka,1259
Slovakia,FK Senica,1230
Slovakia,Nitra,1227
Slovakia,FK Pohronie,1226
Slovakia,MFK Tatran Liptovský Mikuláš,1221
Slovakia,Tatran Prešov,1183
Slovenia,Maribor,1521
Slovenia,Olimpija Ljubljana,1502
Slovenia,NK Celje,1463
Slovenia,Domžale,1436
Slovenia,Mura 05,1425
Slovenia,Koper,1411
Slovenia,NŠ Mura,1405
Slovenia,NK Bravo,1354
Slovenia,Zavrč,1333
Slovenia,Radomlje,1311
Slovenia,Aluminij,1297
Slovenia,NK Krka,1288
Slovenia,NK Tabor Sežana,1278
Slovenia,Drava,1271
Slovenia,Gorica,1268
Slovenia,Primorje,1267
Slovenia,Nafta,1255
Slovenia,Ankaran Hrvatini,1254
Slovenia,Rudar Velenje,1250
Slovenia,Interblock,1242
Slovenia,NK Krsko,1240
Slovenia,ND Triglav,1233
Solomon Islands,Koloale,1289
Solomon Islands,Western United FC,1280
Solomon Islands,Henderson Eels,1267
Solomon Islands,Solomon Warriors FC,1248
Solomon Islands,Marist,1243
South Africa,Mamelodi Sundowns FC,1662
South Africa,Orlando Pirates,1467
South Africa,Bidvest Wits,1451
South Africa,Supersport United,1414
South Africa,Cape Town City FC,1402
South Africa,Kaizer Chiefs,1400
South Africa,Stellenbosch FC,1362
South Africa,AmaZulu FC,1347
South Africa,Lamontville Golden Arrows,1343
South Africa,Bloemfontein Celtic,1336
South Africa,Royal AM,1334
South Africa,Ajax Cape Town,1334
South Africa,Highlands Park,1328
South Africa,Moroka Swallows,1323
South Africa,Platinum Stars,1319
South Africa,sekhukhune united fc,1319
South Africa,TS Galaxy,1308
South Africa,Santos,1308
South Africa,Polokwane City,1295
South Africa,Marumo Gallants FC,1294
South Africa,Free State Stars,1290
South Africa,Richards Bay,1288
South Africa,Pretoria University,1288
South Africa,Maritzburg United,1286
South Africa,Baroka FC,1265
South Africa,Chippa United,1264
South Africa,Jomo Cosmos,1225
South Africa,Black Leopards,1209
South Korea,Ulsan Hyundai,1622
South Korea,Jeonbuk FC,1593
South Korea,Pohang Steelers,1485
South Korea,Jeju United,1451
South Korea,Daegu FC,1442
South Korea,FC Seoul,1423
South Korea,Incheon United,1403
South Korea,Gyeongnam FC,1382
South Korea,Gimcheon Sangmu FC,1382
South Korea,Gangwon FC,1367
South Korea,Suwon Bluewings,1362
South Korea,Suwon FC,1347
South Korea,Gwangju FC,1344
South Korea,Seongnam FC,1310
South Korea,Busan I'Park,1308
South Korea,Jeonnam Dragons,1298
South Korea,Daejeon Citizen,1262
Spain,Real Madrid,1918
Spain,Barcelona,1850
Spain,Atlético Madrid,1847
Spain,Real Sociedad,1802
Spain,Villarreal,1771
Spain,Sevilla,1721
Spain,Real Betis,1706
Spain,Girona,1647
Spain,Athletic Bilbao,1642
Spain,Osasuna,1629
Spain,Mallorca,1615
Spain,Leganes,1612
Spain,Levante,1612
Spain,Getafe,1608
Spain,Valencia,1607
Spain,Celta Vigo,1607
Spain,Cádiz CF,1598
Spain,Rayo Vallecano,1560
Spain,SD Huesca,1553
Spain,Almería,1552
Spain,Granada,1551
Spain,RCD Espanyol,1546
Spain,Real Valladolid,1538
Spain,Elche,1522
Spain,Eibar,1517
Spain,Sporting Gijón,1504
Spain,Deportivo Alaves,1497
Spain,Deportivo Xerez,1491
Spain,Deportivo La Coruña,1486
Spain,Real Zaragoza,1470
Spain,Tenerife,1465
Spain,Málaga,1446
Spain,Hércules,1431
Spain,Las Palmas,1389
Spain,Racing Santander,1385
Spain,Córdoba CF,1363
Sudan,Al Hilal Omdurman,1529
Sudan,Al-Merreikh,1483
Sudan,Al Khartoum SC,1369
Sudan,Al Ahly Shendi,1349
Sudan,Hilal Al-Obayed,1333
Sudan,Merreikh El-Fasher,1301
Sudan,Hay Al Wadi SC,1284
Sudan,Haidob En Nahud,1272
Sudan,Hay al-Arab (SUD),1268
Sudan,Al Hilal Kadougli,1262
Sudan,Al Ahli Khartoum,1262
Sudan,Al Fallah Atbara FC,1259
Sudan,Alamal Atbara,1255
Sudan,Merreikh Nyala,1253
Sudan,Wad Hashim SC Sennar,1248
Sudan,Wad Nubawi Khartoum FC,1246
Sudan,Al-Hilal Alsahil,1244
Sudan,Al-Ahli Atbara,1244
Sudan,Al-Zoma Khartoum,1243
Sudan,Mbabane Swallows,1243
Sudan,Kober SC Bahri,1242
Sudan,Hilal El-Fasher,1238
Sudan,Al Ahly Merowe,1237
Sudan,Al Shorta Al Qadarif,1235
Sudan,Al Ahli Wad Medani,1233
Sudan,Merikh Kosti,1233
Sudan,Al Amir,1230
Sudan,Tuti SC Khartoum,1228
Sudan,Al Mourada,1223
Sudan,Jazeerat Al Feel,1217
Sudan,Al Ittihad,1215
Sudan,El Nsoor,1215
Sudan,Al-Mergheni,1209
Sudan,Al Shimali,1206
Sudan,Al-Nil,1206
Sudan,Al Rabta Kosti,1191
Sweden,Malmö FF,1528
Sweden,BK Häcken,1523
Sweden,Djurgården,1512
Sweden,Elfsborg,1508
Sweden,Hammarby IF,1486
Sweden,AIK,1466
Sweden,IFK Norrköping,1439
Sweden,Kalmar FF,1422
Sweden,IFK Göteborg,1389
Sweden,Mjällby AIF,1385
Sweden,Sirius,1335
Sweden,IFK Värnamo,1321
Sweden,Degerfors IF,1310
Sweden,Halmstads BK,1304
Sweden,Gefle,1302
Sweden,Joenkoepings Soedra,1299
Sweden,Assyriska,1298
Sweden,Varbergs BoIS,1297
Sweden,Öster,1288
Sweden,Örebro,1286
Sweden,Åtvidaberg,1283
Sweden,Örgryte,1280
Sweden,GAIS,1278
Sweden,Dalkurd FF,1270
Sweden,Oestersunds FK,1270
Sweden,Helsingborgs IF,1256
Sweden,Brommapojkarna,1246
Sweden,AFC Eskilstuna,1237
Sweden,Trelleborgs FF,1231
Sweden,Syrianska,1229
Sweden,GIF Sundsvall,1226
Sweden,Falkenbergs FF,1206
Switzerland,Young Boys,1630
Switzerland,FC Basel,1518
Switzerland,Lugano,1466
Switzerland,FC Zürich,1451
Switzerland,FC St. Gallen 1879,1442
Switzerland,Servette,1433
Switzerland,Luzern,1420
Switzerland,Thun,1366
Switzerland,Grasshopper Club Zürich,1357
Switzerland,Sion,1321
Switzerland,Neuchâtel Xamax,1305
Switzerland,FC Vaduz,1294
Switzerland,FC Winterthur,1287
Switzerland,Lausanne Sport,1272
Switzerland,Aarau,1266
Switzerland,Bellinzona,1237
Tahiti,Dragon,1278
Tahiti,Tefana,1263
Tahiti,US Bitam,1261
Tahiti,Manu Ura,1228
Tajikistan,FK Istiqlol Dushanbe,1277
Tanzania,Simba SC,1367
Tanzania,Young Africans,1252
Tanzania,Azam,1249
Thailand,Buriram United,1552
Thailand,Bangkok United,1455
Thailand,Muangthong United,1442
Thailand,BG Pathum United,1436
Thailand,Port F.C.,1401
Thailand,Chiangrai United,1363
Thailand,Chonburi FC,1360
Thailand,Ratchaburi FC,1318
Thailand,Police Tero FC,1308
Thailand,Pattaya United,1298
Thailand,Suphanburi FC,1283
Thailand,Prachuap FC,1278
Thailand,Nakhon Ratchasima FC,1277
Thailand,Esan United,1274
Thailand,Army United,1269
Thailand,Sukhothai FC,1267
Thailand,Chainat FC,1263
Thailand,Wuachon United,1262
Thailand,Khon Kaen United FC,1261
Thailand,Lamphun Warrior,1261
Thailand,Samut Prakan City,1259
Thailand,Nong Bua Pitchaya FC,1258
Thailand,Police United FC,1258
Thailand,Sriracha,1253
Thailand,Saraburi FC,1252
Thailand,Ubon UMT FC,1244
Thailand,Nakhon Pathom,1239
Thailand,Chiangmai FC,1236
Thailand,TTM Chiangmai,1233
Thailand,Khonkaen,1229
Thailand,Thai Honda,1229
Thailand,Trat FC,1227
Thailand,JL Chiangmai United FC,1227
Thailand,Siam Navy FC,1225
Thailand,Lampang FC,1222
Thailand,Songkhla United FC,1221
Thailand,PTT Rayong FC,1217
Thailand,Sisaket FC,1210
Thailand,Samut Songkram,1206
Thailand,TOT,1206
Thailand,BBCU FC,1190
Thailand,Air Force Central FC,1188
Togo,KCCA FC,1264
Trinidad and Tobago,Defence Force FC,1381
Trinidad and Tobago,W Connection FC,1339
Trinidad and Tobago,Ma Pau,1334
Trinidad and Tobago,Central,1294
Trinidad and Tobago,Joe Public,1293
Trinidad and Tobago,United Petrotrin,1289
Trinidad and Tobago,Atheltic Club Port of Spain,1276
Trinidad and Tobago,Point Fortin FC,1255
Trinidad and Tobago,Prison Service FC,1239
Trinidad and Tobago,Cunupia FC,1232
Trinidad and Tobago,Club Sando,1228
Trinidad and Tobago,San Juan Jabloteh,1227
Trinidad and Tobago,T&TEC,1220
Trinidad and Tobago,Caledonia AIA,1212
Trinidad and Tobago,Police,1186
Trinidad and Tobago,Tobago United,1153
Trinidad and Tobago,South End,1137
Trinidad and Tobago,La Horquetta Rangers FC,1080
Tunisia,Esperance de Tunis,1547
Tunisia,Etoile du Sahel,1521
Tunisia,CS Sfaxien,1462
Tunisia,US Monastir,1453
Tunisia,Club Africain,1447
Tunisia,Ben Guerdane,1368
Tunisia,CA Bizertin,1358
Tunisia,Stade Tunisien,1346
Tunisia,Olympique Béja,1341
Tunisia,Stade Gabésien,1328
Tunisia,AS Slimane,1318
Tunisia,Etoile Metlaoui,1313
Tunisia,Avenir de La Marsa,1312
Tunisia,Zarzis,1303
Tunisia,US Tataouine,1300
Tunisia,LPTA Tozeur,1292
Tunisia,Sportif de Chebba,1291
Tunisia,AS Rejiche,1288
Tunisia,EGS Gafsa,1283
Tunisia,Hamam Sousse,1277
Tunisia,Grombalia Sports,1264
Tunisia,Béni-Khalled,1264
Tunisia,Olympique du Kef,1262
Tunisia,EO Sidi Bouzid,1261
Tunisia,Gabès,1258
Tunisia,CS Hammam-Lif,1255
Tunisia,AS Kasserine,1249
Tunisia,Club Olympique de Médenine,1245
Tunisia,Sportive de Djerba,1238
Tunisia,JS Kairouanaise,1188
Turkey,Galatasaray,1658
Turkey,Fenerbahçe,1658
Turkey,Beşiktaş,1635
Turkey,Trabzonspor,1544
Turkey,İstanbul Başakşehir,1520
Turkey,Adana Demirspor,1514
Turkey,Konyaspor,1473
Turkey,Fatih Karagümrük,1454
Turkey,Kasımpaşa,1429
Turkey,MP Antalyaspor,1422
Turkey,Sivasspor,1421
Turkey,Gazişehir Gaziantep FK,1403
Turkey,Alanyaspor,1395
Turkey,Hatayspor Kulübü,1385
Turkey,Kayserispor,1379
Turkey,Bursaspor,1376
Turkey,Osmanlıspor FK,1373
Turkey,Samsunspor,1367
Turkey,Elazığspor,1356
Turkey,Ankaragücü,1348
Turkey,Eskişehirspor,1346
Turkey,Akhisar Belediye,1345
Turkey,Rizespor,1342
Turkey,Erzurum BB,1342
Turkey,Giresunspor,1339
Turkey,İstanbulspor,1337
Turkey,Orduspor,1325
Turkey,Balıkesirspor,1325
Turkey,Kayseri Erciyesspor,1319
Turkey,Gençlerbirligi,1318
Turkey,Manisaspor,1318
Turkey,Altay S.K.,1317
Turkey,Ümraniyespor,1316
Turkey,Bucaspor,1292
Turkey,Gaziantepspor,1291
Turkey,Adanaspor,1289
Turkey,Göztepe AŞ,1279
Turkey,Diyarbakirspor,1276
Turkey,Mersin İdmanyurdu,1271
Turkey,Denizlispor,1256
Turkey,Yeni Malatyaspor,1250
Turkey,Karabükspor,1221
Turkmenistan,Ahal FK,1250
Uganda,Togo-Port,1246
Uganda,Vipers SC,1233
Ukraine,Shakhtar Donetsk,1725
Ukraine,Zorya Luhansk,1618
Ukraine,Dynamo Kyiv,1611
Ukraine,SC Dnipro-1,1560
Ukraine,Dnipro Dnipropetrovsk,1536
Ukraine,Vorskla Poltava,1459
Ukraine,FK Desna Chernihiv,1449
Ukraine,Oleksandriya,1445
Ukraine,Metalurh Donetsk,1432
Ukraine,St. Louis City,1385
Ukraine,Kryvbas,1382
Ukraine,Rukh Vynnyky,1375
Ukraine,FC Kolos Kovalivka,1369
Ukraine,FK Zirka Kirovohrad,1360
Ukraine,Veres Rivne,1359
Ukraine,Chornomorets Odesa,1340
Ukraine,Metalist 1925 Kharkiv,1333
Ukraine,Stal Kamianske,1331
Ukraine,FC Arsenal Kiev,1328
Ukraine,Sevastopol,1328
Ukraine,FK Inhulets' Petrove,1327
Ukraine,Metalist Kharkiv,1319
Ukraine,Karpaty Lviv,1311
Ukraine,FK Mariupol Illichivets',1307
Ukraine,FC Minaj,1306
Ukraine,Olimpik Donetsk,1304
Ukraine,Obolon',1288
Ukraine,Volyn,1280
Ukraine,Tavriia,1259
Ukraine,Hoverla Uzhhorod,1225
Ukraine,FC Lviv,1204
Ukraine,Metalurh Zaporizhya,1130
United Arab Emirates,Al-Ain FC,1527
United Arab Emirates,Al Ahli,1487
United Arab Emirates,Al Wahda,1462
United Arab Emirates,Sharjah Cultural Club,1405
United Arab Emirates,Al-Jazira,1397
United Arab Emirates,Al Shabab,1354
United Arab Emirates,Al Nasr,1346
United Arab Emirates,Al Wasl,1339
United Arab Emirates,Baniyas,1312
United Arab Emirates,Ajman Club,1264
United Arab Emirates,Al Bataeh Club,1233
United Arab Emirates,Khorfakkan Club,1230
United Arab Emirates,Al Urooba Club,1228
United Arab Emirates,Al Ittihad Kalba,1218
United Arab Emirates,Dibba Al-Fujairah Club,1216
United Arab Emirates,Al-Dhafra,1204
United Arab Emirates,Dubai Club,1197
United Arab Emirates,Hatta,1189
United Arab Emirates,Al Fujairah,1182
United Arab Emirates,Al-Shaab,1169
United Arab Emirates,Emirates Club,1166
United States,Los Angeles FC,1524
United States,Philadelphia Union,1496
United States,Nashville SC,1444
United States,Seattle Sounders FC,1436
United States,New England Revolution,1424
United States,New York City FC,1412
United States,Columbus Crew,1393
United States,Portland Timbers,1392
United States,FC Dallas,1383
United States,Atlanta United FC,1376
United States,New York Red Bulls,1374
United States,Orlando City,1364
United States,Sporting Kansas City,1359
United States,Minnesota United,1358
United States,FC Cincinnati,1350
United States,Real Salt Lake,1348
United States,Colorado Rapids,1344
United States,LA Galaxy,1326
United States,San Jose Earthquakes,1321
United States,Chicago Fire,1303
United States,DC United,1295
United States,Inter Miami CF,1292
United States,Houston Dynamo,1286
United States,Chivas USA,1206
Uruguay,Nacional,1616
Uruguay,Peñarol,1541
Uruguay,Liverpool,1496
Uruguay,Defensor Sporting,1469
Uruguay,River Plate,1453
Uruguay,Club Deportivo Maldonado,1425
Uruguay,Montevideo Wanderers,1419
Uruguay,Danubio,1413
Uruguay,Cerro Largo,1406
Uruguay,Boston River,1386
Uruguay,Club Atletico Progreso,1374
Uruguay,Fénix,1361
Uruguay,La Luz FC,1359
Uruguay,Plaza Colonia,1354
Uruguay,El Tanque Sisley,1350
Uruguay,Central Español,1350
Uruguay,Club Atletico Torque,1347
Uruguay,Racing Club,1335
Uruguay,Sud América,1335
Uruguay,Bella Vista,1331
Uruguay,Austin FC,1331
Uruguay,Charlotte FC,1330
Uruguay,C.A. Cerro,1329
Uruguay,Tacuarembó,1316
Uruguay,Albion F.C.,1314
Uruguay,Villa Teresa,1309
Uruguay,Rampla Juniors,1300
Uruguay,Juventud de Las Piedras,1298
Uruguay,Rentistas,1294
Uruguay,Atenas,1269
Uruguay,Cerrito,1266
Uruguay,Miramar Misiones,1250
Uruguay,Villa Espanola,1236
Uzbekistan,Pakhtakor Tashkent,1515
Uzbekistan,Nasaf Qarshi,1456
Uzbekistan,Bunyodkor Tashkent,1383
Uzbekistan,Lokomotiv Tashkent,1375
Uzbekistan,FK AGMK,1343
Uzbekistan,Navbahor Namangan,1343
Uzbekistan,FK Olympic Tashkent,1274
Uzbekistan,Neftchi,1269
Uzbekistan,Sogdiyona Jizzax,1268
Uzbekistan,Metallurg Bekobod,1256
Uzbekistan,Kokand 1912,1251
Uzbekistan,Mash'al Muborak,1245
Uzbekistan,Qizilqum Zarafshon,1235
Uzbekistan,Xorazm,1222
Uzbekistan,Surkhon-2011,1220
Uzbekistan,Shortan Guzor,1220
Uzbekistan,FK Guliston,1216
Uzbekistan,FK Turon Yaypan,1215
Uzbekistan,Buxoro,1210
Uzbekistan,Dinamo Samarkand,1190
Uzbekistan,Andijon,1170
Uzbekistan,Obod,1165
Vanuatu,Amicale FC,1308
Vanuatu,Nalkutan FC,1266
Vanuatu,Ifira Black Bird,1257
Vanuatu,ABM Galaxy FC,1255
Vanuatu,Erakor Golden Star,1243
Vanuatu,Tafea FC,1239
Vanuatu,Malampa Revivors FC,1236
Venezuela,Deportivo Táchira,1419
Venezuela,Caracas,1416
Venezuela,Deportivo Lara,1349
Venezuela,Zamora FC,1346
Venezuela,Carabobo FC,1344
Venezuela,Deportivo La Guaira FC,1330
Venezuela,Monagas SC,1323
Venezuela,Academia Puerto Cabello,1320
Venezuela,Metropolitanos FC,1309
Venezuela,Zulia,1299
Venezuela,Mineros de Guayana,1294
Venezuela,Deportivo Anzoátegui,1293
Venezuela,C.D. Hermanos Colmenarez,1283
Venezuela,Estudiantes de Mérida,1277
Venezuela,Aragua FC,1274
Venezuela,Portuguesa FC,1266
Venezuela,Atlético Venezuela,1265
Venezuela,Angostura FC,1255
Venezuela,Rayo Zuliano,1248
Venezuela,Deportivo Zulia,1246
Venezuela,Gran Valencia FC,1246
Venezuela,Universidad Central de Venezuela FC,1237
Venezuela,Centro Ítalo,1228
Venezuela,Deportivo Petare,1228
Venezuela,Tucanes FC,1227
Venezuela,Atletico Socopo,1225
Venezuela,Urena SC,1223
Venezuela,Atlético El Vigía,1222
Venezuela,Yaracuyanos FC,1218
Venezuela,Trujillanos FC,1209
Venezuela,Llaneros de Guanare,1208
Venezuela,Caroní,1208
Venezuela,Estudiantes de Caracas,1206
Venezuela,AC LALA FC,1180
Vietnam,Hoang Anh Gia Lai,1262
Vietnam,Viettel Football Club,1256
Vietnam,Ha Noi TT,1246
Vietnam,Binh Duong,1244
Wales,The New Saints,1671
Wales,Neath Athletic,1501
Wales,Connah's Quay,1494
Wales,Bala Town FC,1440
Wales,Bangor City,1432
Wales,Newtown,1354
Wales,Port Talbot,1353
Wales,Cardiff Met University,1346
Wales,Llanelli,1345
Wales,Rhyl,1328
Wales,Penybont FC,1322
Wales,Caernarfon,1292
Wales,Barry Town United FC,1292
Wales,Carmarthen,1277
Wales,Aberystwyth,1272
Wales,Haverfordwest County,1265
Wales,Llandudno FC,1259
Wales,Flint Town United,1257
Wales,Pontypridd Town,1257
Wales,Prestatyn Town FC,1236
Wales,Porthmadog,1225
Wales,Welshpool Town,1218
Wales,Airbus UK Broughton FC,1205
Wales,Caersws,1195
Wales,Afan Lido,1185
Wales,Cefn Druids AFC,1170
Zambia,ZESCO United,1402
Zambia,Power Dynamos,1366
Zambia,Red Arrows,1342
Zambia,Zanaco,1339
Zambia,Green Buffaloes,1307
Zambia,Nkana FC,1296
Zambia,Green Eagles,1284
Zambia,Kabwe Warriors,1280
Zambia,Prison Leopards,1276
Zambia,Maestro United Zambia,1275
Zambia,Kansanshi Dynamos,1268
Zambia,Mufulira Wanderers,1264
Zambia,NAPSA Stars FC,1258
Zambia,Forest Rangers,1253
Zambia,Nchanga Rangers,1252
Zambia,Nkwazi,1249
Zambia,Young Green Eagles,1249
Zambia,Roan United,1241
Zambia,Kafue Celtic,1234
Zambia,Lusaka Dynamos,1232
Zambia,Kalulushi Modern Stars,1227
Zambia,Lumwana Radiants,1226
Zambia,Lime Hotspurs,1223
Zambia,Konkola Mine Police,1221
Zambia,Nakambala Leopards,1221
Zambia,Konkola Blades,1220
Zambia,Chambishi FC,1214
Zambia,Kitwe United,1208
Zambia,Indeni FC,1191
Zambia,National Assembly,1186
Zambia,Buildcon,1178
Zimbabwe,Dynamos,1485
Zimbabwe,Highlanders,1420
Zimbabwe,FC Platinum,1416
Zimbabwe,Gunners,1411
Zimbabwe,Chicken Inn FC,1405
Zimbabwe,Motor Action,1394
Zimbabwe,CAPS United,1365
Zimbabwe,Hwange,1354
Zimbabwe,Monomatapa United,1353
Zimbabwe,Masvingo United,1350
Zimbabwe,Triangle FC,1320
Zimbabwe,WWS Rangers,1314
Zimbabwe,Shabanie Mine,1304
Zimbabwe,Ngezi Platinum FC,1304
Zimbabwe,Harare City,1295
Zimbabwe,ZPC Kariba,1284
Zimbabwe,Manica Diamonds,1280
Zimbabwe,Bulawayo Chiefs,1277
Zimbabwe,Chapungu United,1273
Zimbabwe,Black Mambas,1270
Zimbabwe,Shooting Stars,1270
Zimbabwe,Herentals FC,1270
Zimbabwe,Eagles,1268
Zimbabwe,How Mine,1268
Zimbabwe,Buffaloes FC,1263
Zimbabwe,Lengthens,1261
Zimbabwe,Kiglon,1260
Zimbabwe,Njube Sundowns,1259
Zimbabwe,Black Rhinos,1256
Zimbabwe,Tsholotsho,1252
Zimbabwe,Zimbabwe Saints,1252
Zimbabwe,Simba Bhora FC,1251
Zimbabwe,Sheasham FC,1250
Zimbabwe,Highway,1250
Zimbabwe,Yadah FC,1249
Zimbabwe,Flame Lilly,1245
Zimbabwe,Underhill,1245
Zimbabwe,GreenFuel FC,1243
Zimbabwe,Cranborne Bullets FC,1241
Zimbabwe,Hardbody,1237
Zimbabwe,Bulawayo City FC,1236
Zimbabwe,Dongo,1235
Zimbabwe,Bantu Rovers,1230
Zimbabwe,Tripple B,1229
Zimbabwe,Chiredzi FC,1226
Zimbabwe,Victoria,1225
Zimbabwe,Douglas Warriors,1224
Zimbabwe,Quelaton,1218
Zimbabwe,Tenax CS FC,1218
Zimbabwe,WhaWha,1205
